"","Year","Date","Week","Pond","Pond_Section","Transect_ID","FS_Biomass_Tran","Sample_Volume","FS_Biomass_Tran_m3","log_FS_Biomass_Tran_m3","FS_Biomass_Pond_m3","log_FS_Biomass_Pond_m3"
"1","2021",2021-06-18,25,"11","East","11_East",0.460306204564903,0.065,7.08163391638313,2.08959406946398,13.3030395096587,2.66047206780263
"2","2021",2021-06-18,25,"11","East(2)","11_East(2)",9.04326186882493,0.464,19.4897885103985,3.01992664059669,13.3030395096587,2.66047206780263
"3","2021",2021-06-18,25,"11","North","11_North",3.24136167536901,0.232,13.971386531763,2.70614081483476,13.3030395096587,2.66047206780263
"4","2021",2021-06-18,25,"11","North(2)","11_North(2)",1.72529339092562,0.065,26.5429752450096,3.31574752105316,13.3030395096587,2.66047206780263
"5","2021",2021-06-18,25,"11","North(3)","11_North(3)",1.51362121452525,0.464,3.26211468647684,1.44976544238919,13.3030395096587,2.66047206780263
"6","2021",2021-06-18,25,"11","South","11_South",1.50209673337245,0.13,11.5545902567112,2.53008635621169,13.3030395096587,2.66047206780263
"7","2021",2021-06-18,25,"11","West","11_West",2.18766354706939,0.195,11.2187874208687,2.50297471975844,13.3030395096587,2.66047206780263
"8","2021",2021-06-18,25,"13","East","13_East",33.3789636153729,0.232,143.874843169711,4.97587021913792,241.909938864435,5.4926907526862
"9","2021",2021-06-18,25,"13","North","13_North",114.62202755561,0.29,395.248370881415,5.98204121384276,241.909938864435,5.4926907526862
"10","2021",2021-06-18,25,"13","South","13_South",48.5177166609667,0.26,186.60660254218,5.23434723074054,241.909938864435,5.4926907526862
"11","2021",2021-06-18,25,"8","East","8_East",0,0.464,0,0,2.03203877869765,1.10923525750627
"12","2021",2021-06-18,25,"8","East(2)","8_East(2)",5.15522932119861,0.464,11.1104080198246,2.49406524979878,2.03203877869765,1.10923525750627
"13","2021",2021-06-18,25,"8","East(3)","8_East(3)",0,0.464,0,0,2.03203877869765,1.10923525750627
"14","2021",2021-06-18,25,"8","North","8_North",1.01436944464951,0.464,2.18614104450326,1.15881048059687,2.03203877869765,1.10923525750627
"15","2021",2021-06-18,25,"8","West","8_West",0,0.464,0,0,2.03203877869765,1.10923525750627
"16","2021",2021-06-18,25,"8","West(2)","8_West(2)",0.430463187361845,0.464,0.9277223865557,0.65633919544507,2.03203877869765,1.10923525750627
"17","2021",2021-06-18,25,"8","West(3)","8_West(3)",0,0.464,0,0,2.03203877869765,1.10923525750627
"18","2021",2021-06-21,25,"10","East","10_East",0.584486778784767,0.464,1.25966978186372,0.81521868838888,9.24711267081563,2.32699597525002
"19","2021",2021-06-21,25,"10","North","10_North",7.71474670533464,0.348,22.1688123716513,3.14280707997268,9.24711267081563,2.32699597525002
"20","2021",2021-06-21,25,"10","South","10_South",5.35916074589359,0.406,13.1999033150088,2.65323515578184,9.24711267081563,2.32699597525002
"21","2021",2021-06-21,25,"10","South(2)","10_South(2)",3.42620005249827,0.464,7.38405183728075,2.12633131044134,9.24711267081563,2.32699597525002
"22","2021",2021-06-21,25,"10","West","10_West",1.03153048639895,0.464,2.22312604827359,1.1703517110582,9.24711267081563,2.32699597525002
"23","2021",2021-06-21,25,"15","East","15_East",98.9477322651152,0.232,426.498845970324,6.05795158888855,213.885764593234,5.37010655944987
"24","2021",2021-06-21,25,"15","North","15_North",47.8723153887525,0.232,206.346187020485,5.33438979742509,213.885764593234,5.37010655944987
"25","2021",2021-06-21,25,"15","South","15_South",47.2514351295463,0.348,135.779986004443,4.91837369334828,213.885764593234,5.37010655944987
"26","2021",2021-06-21,25,"15","West","15_West",30.2474777034339,0.348,86.9180393776836,4.47640500977487,213.885764593234,5.37010655944987
"27","2021",2021-06-21,25,"6","East","6_East",2.11951430252917,0.406,5.22047857765806,1.82784684553689,1.89211833084915,1.06198922007396
"28","2021",2021-06-21,25,"6","North","6_North",0.571954498416164,0.406,1.4087549222073,0.87910998421391,1.89211833084915,1.06198922007396
"29","2021",2021-06-21,25,"6","South","6_South",0,0.464,0,0,1.89211833084915,1.06198922007396
"30","2021",2021-06-21,25,"6","West","6_West",0.435807278118488,0.464,0.939239823531223,0.66229605274389,1.89211833084915,1.06198922007396
"31","2021",2021-06-22,25,"51","East","51_East",8.76355608648367,0.464,18.8869743243183,2.99006496084785,87.6429602826231,4.48461661913156
"32","2021",2021-06-22,25,"51","North","51_North",136.169052521183,0.464,293.467785605998,5.68516961037163,87.6429602826231,4.48461661913156
"33","2021",2021-06-22,25,"51","South","51_South",13.2851504320176,0.464,28.6317897241758,3.38884776219722,87.6429602826231,4.48461661913156
"34","2021",2021-06-22,25,"51","West","51_West",4.44757524486439,0.464,9.58529147600085,2.35946544091066,87.6429602826231,4.48461661913156
"35","2021",2021-06-22,25,"52","East","52_East",7.73246737610298,0.464,16.6648003795323,2.87157398040943,161.937590469807,5.09336724693596
"36","2021",2021-06-22,25,"52","North","52_North",16.3483155827088,0.464,35.233438755838,3.58998241499957,161.937590469807,5.09336724693596
"37","2021",2021-06-22,25,"52","North(2)","52_North(2)",17.8647672728802,0.464,38.5016536053453,3.67634253445729,161.937590469807,5.09336724693596
"38","2021",2021-06-22,25,"52","South","52_South",74.1182232634881,0.464,159.737550136828,5.07977291151394,161.937590469807,5.09336724693596
"39","2021",2021-06-22,25,"52","West","52_West",259.631436394772,0.464,559.550509471492,6.32891935347706,161.937590469807,5.09336724693596
"40","2021",2021-06-24,26,"10","East","10_East",1.06194449147361,0.464,2.28867347300348,1.19048428377544,17.0724598207944,2.8943892226664
"41","2021",2021-06-24,26,"10","North","10_North",3.22058932596796,0.348,9.25456702864357,2.32772317012046,17.0724598207944,2.8943892226664
"42","2021",2021-06-24,26,"10","South","10_South",2.39058726286455,0.464,5.15212772169084,1.8167979929909,17.0724598207944,2.8943892226664
"43","2021",2021-06-24,26,"10","South(2)","10_South(2)",0,0.464,0,0,17.0724598207944,2.8943892226664
"44","2021",2021-06-24,26,"10","West","10_West",31.8614559286142,0.464,68.6669308806341,4.2437257558345,17.0724598207944,2.8943892226664
"45","2021",2021-06-24,26,"55","East","55_East",0,0.464,0,0,0,0
"46","2021",2021-06-24,26,"55","North","55_North",0,0.464,0,0,0,0
"47","2021",2021-06-24,26,"55","South","55_South",0,0.464,0,0,0,0
"48","2021",2021-06-24,26,"55","West","55_West",0,0.464,0,0,0,0
"49","2021",2021-06-24,26,"8","East","8_East",7.74765345830551,0.464,16.6975290049688,2.87342502559515,14.0935047301833,2.71426450096071
"50","2021",2021-06-24,26,"8","East(2)","8_East(2)",0.746652893803237,0.464,1.60916571940353,0.959030522498263,14.0935047301833,2.71426450096071
"51","2021",2021-06-24,26,"8","East(3)","8_East(3)",2.34911339667999,0.464,5.06274438939653,1.80216256710414,14.0935047301833,2.71426450096071
"52","2021",2021-06-24,26,"8","North","8_North",6.23956811940507,0.464,13.4473450849247,2.67051066653073,14.0935047301833,2.71426450096071
"53","2021",2021-06-24,26,"8","South","8_South",2.32411040394202,0.464,5.00885862918539,1.79323481856237,14.0935047301833,2.71426450096071
"54","2021",2021-06-24,26,"8","West","8_West",4.70364622360463,0.464,10.1371685853548,2.41028803570816,14.0935047301833,2.71426450096071
"55","2021",2021-06-24,26,"8","West(2)","8_West(2)",2.3233075963714,0.464,5.00712844045559,1.79294683743661,14.0935047301833,2.71426450096071
"56","2021",2021-06-24,26,"8","West(3)","8_West(3)",25.8810374663287,0.464,55.7780979877774,4.03915065255803,14.0935047301833,2.71426450096071
"57","2021",2021-06-25,26,"11","East","11_East",154.762722250437,0.464,333.540349677667,5.81275749913252,278.797841364447,5.63406734727827
"58","2021",2021-06-25,26,"11","North","11_North",102.140262836698,0.464,220.129876803229,5.39875020674542,278.797841364447,5.63406734727827
"59","2021",2021-06-25,26,"11","North(2)","11_North(2)",39.8058143528639,0.065,612.397143890214,6.41901259547468,278.797841364447,5.63406734727827
"60","2021",2021-06-25,26,"11","North(3)","11_North(3)",33.5264800196429,0.464,72.25534486992,4.29395121274262,278.797841364447,5.63406734727827
"61","2021",2021-06-25,26,"11","South","11_South",72.2292520936783,0.464,155.666491581203,5.05411928846858,278.797841364447,5.63406734727827
"62","2021",2021-06-25,26,"13","East","13_East",508.165650605976,0.13,3908.96654312289,8.27128409619674,1749.29997433916,7.46754246613596
"63","2021",2021-06-25,26,"13","North","13_North",69.2964321115839,0.096,721.837834495666,6.58318490169744,1749.29997433916,7.46754246613596
"64","2021",2021-06-25,26,"13","South","13_South",49.3676436319134,0.08,617.095545398917,6.42664304971306,1749.29997433916,7.46754246613596
"65","2021",2021-06-25,26,"15","East","15_East",34.3737110243086,0.232,148.162547518572,5.00503663426488,152.202005175001,5.03175734583051
"66","2021",2021-06-25,26,"15","North","15_North",11.1790034863641,0.232,48.1853598550178,3.89559601529493,152.202005175001,5.03175734583051
"67","2021",2021-06-25,26,"15","South","15_South",95.2836195129808,0.29,328.564205217175,5.79777119146179,152.202005175001,5.03175734583051
"68","2021",2021-06-25,26,"15","West","15_West",24.3298133516799,0.29,83.895908109241,4.44142589556265,152.202005175001,5.03175734583051
"69","2021",2021-06-25,26,"6","East","6_East",0,0.464,0,0,1.79066996338875,1.02628169725349
"70","2021",2021-06-25,26,"6","North","6_North",1.40844111393784,0.464,3.03543343521086,1.39511371484037,1.79066996338875,1.02628169725349
"71","2021",2021-06-25,26,"6","South","6_South",0,0.464,0,0,1.79066996338875,1.02628169725349
"72","2021",2021-06-25,26,"6","West","6_West",1.91504233811169,0.464,4.12724641834415,1.63456875451847,1.79066996338875,1.02628169725349
"73","2021",2021-06-29,26,"10","East","10_East",10.8821607050936,0.464,23.4529325540809,3.19675014959076,32.648647375381,3.5159728584145
"74","2021",2021-06-29,26,"10","North","10_North",10.5527898567859,0.464,22.7430815879007,3.16729118648203,32.648647375381,3.5159728584145
"75","2021",2021-06-29,26,"10","South","10_South",6.06582271523724,0.464,13.0728937828389,2.64425052040113,32.648647375381,3.5159728584145
"76","2021",2021-06-29,26,"10","South(2)","10_South(2)",27.3147764421221,0.464,58.8680526769873,4.09214301855205,32.648647375381,3.5159728584145
"77","2021",2021-06-29,26,"10","West","10_West",20.929312191645,0.464,45.1062762750969,3.83094908553177,32.648647375381,3.5159728584145
"78","2021",2021-06-29,26,"51","East","51_East",353.446972581111,0.438,806.956558404364,6.69450829272471,1301.54467645139,7.17207507357776
"79","2021",2021-06-29,26,"51","North","51_North",598.328133128251,0.464,1289.50028691433,7.16278524148668,1301.54467645139,7.17207507357776
"80","2021",2021-06-29,26,"51","South","51_South",104.215158757301,0.438,237.93415241393,5.47618800105843,1301.54467645139,7.17207507357776
"81","2021",2021-06-29,26,"51","West","51_West",1257.84301613594,0.438,2871.78770807291,7.96303816417566,1301.54467645139,7.17207507357776
"82","2021",2021-06-29,26,"8","East","8_East",10.6441583277612,0.464,22.9399963960371,3.17555054958834,55.5382194876278,4.03491686057093
"83","2021",2021-06-29,26,"8","East(2)","8_East(2)",24.2692037148995,0.464,52.3043183510765,3.97601734760989,55.5382194876278,4.03491686057093
"84","2021",2021-06-29,26,"8","East(3)","8_East(3)",9.66310409752634,0.464,20.8256553825999,3.08308613025991,55.5382194876278,4.03491686057093
"85","2021",2021-06-29,26,"8","North","8_North",14.3521624949438,0.464,30.9313846873789,3.46358937213087,55.5382194876278,4.03491686057093
"86","2021",2021-06-29,26,"8","South","8_South",11.8005022569369,0.464,25.4321169330537,3.27457982124879,55.5382194876278,4.03491686057093
"87","2021",2021-06-29,26,"8","West","8_West",100.896124978135,0.464,217.448545211497,5.38655049578038,55.5382194876278,4.03491686057093
"88","2021",2021-06-29,26,"8","West(2)","8_West(2)",12.0905300968097,0.464,26.0571769327796,3.2979522910911,55.5382194876278,4.03491686057093
"89","2021",2021-06-29,26,"8","West(3)","8_West(3)",22.4420847710623,0.464,48.3665620065998,3.89927331254802,55.5382194876278,4.03491686057093
"90","2021",2021-06-30,26,"11","East","11_East",58.8873518404714,0.464,126.912396207912,4.85134562498217,207.315129931617,5.33905198092252
"91","2021",2021-06-30,26,"11","North","11_North",6.56526541614589,0.174,37.73141043762,3.65665091004973,207.315129931617,5.33905198092252
"92","2021",2021-06-30,26,"11","North(2)","11_North(2)",18.7945100533045,0.065,289.146308512377,5.67038530786872,207.315129931617,5.33905198092252
"93","2021",2021-06-30,26,"11","North(3)","11_North(3)",45.5691199896065,0.464,98.2093103224278,4.59723186394354,207.315129931617,5.33905198092252
"94","2021",2021-06-30,26,"11","South","11_South",62.9949091431074,0.13,484.576224177749,6.18533627680393,207.315129931617,5.33905198092252
"95","2021",2021-06-30,26,"13","East","13_East",957.32253106463,0.118,8112.90280563246,9.00133426509377,4282.5584686245,8.36253936104235
"96","2021",2021-06-30,26,"13","North","13_North",407.643255362749,0.114,3575.8180294978,8.18222886558527,4282.5584686245,8.36253936104235
"97","2021",2021-06-30,26,"13","South","13_South",92.7163656594592,0.08,1158.95457074324,7.05613612018113,4282.5584686245,8.36253936104235
"98","2021",2021-06-30,26,"15","East","15_East",298.595657637222,0.232,1287.0502484363,7.16088491866442,1363.06018571871,7.21822096185716
"99","2021",2021-06-30,26,"15","North","15_North",523.477194114395,0.232,2256.36721601032,7.72195446451819,1363.06018571871,7.21822096185716
"100","2021",2021-06-30,26,"15","South","15_South",378.513978152207,0.219,1728.37432946213,7.4555149628069,1363.06018571871,7.21822096185716
"101","2021",2021-06-30,26,"15","West","15_West",52.3301952001663,0.29,180.448948966091,5.20097434122616,1363.06018571871,7.21822096185716
"102","2021",2021-06-30,26,"52","East","52_East",6.02474133094675,0.464,12.9843563166956,2.63793929890146,765.888128134787,6.64234093432081
"103","2021",2021-06-30,26,"52","North","52_North",1604.6281782621,0.464,3458.25038418555,8.14880719260985,765.888128134787,6.64234093432081
"104","2021",2021-06-30,26,"52","North(2)","52_North(2)",12.2824942681299,0.088,139.573798501476,4.94573260711329,765.888128134787,6.64234093432081
"105","2021",2021-06-30,26,"52","South","52_South",9.53133829579286,0.088,108.310662452192,4.69419394259469,765.888128134787,6.64234093432081
"106","2021",2021-06-30,26,"52","West","52_West",51.1891477971596,0.464,110.321439218016,4.71242186523039,765.888128134787,6.64234093432081
"107","2021",2021-06-30,26,"55","East","55_East",0,0.464,0,0,1.48018438769398,0.908332907289681
"108","2021",2021-06-30,26,"55","North","55_North",1.14239456647418,0.464,2.46205725533228,1.24186299484149,1.48018438769398,0.908332907289681
"109","2021",2021-06-30,26,"55","South","55_South",0.886724176850669,0.464,1.91104348459196,1.06851160267732,1.48018438769398,0.908332907289681
"110","2021",2021-06-30,26,"55","West","55_West",0.718103480235182,0.464,1.54763681085169,0.93516618863807,1.48018438769398,0.908332907289681
"111","2021",2021-06-30,26,"6","East","6_East",2.51297742555597,0.464,5.41589962404304,1.85877922581014,5.04787339740478,1.79970670568935
"112","2021",2021-06-30,26,"6","North","6_North",0,0.464,0,0,5.04787339740478,1.79970670568935
"113","2021",2021-06-30,26,"6","South","6_South",0,0.464,0,0,5.04787339740478,1.79970670568935
"114","2021",2021-06-30,26,"6","West","6_West",6.8558756000273,0.464,14.7755939655761,2.7584640600529,5.04787339740478,1.79970670568935
"115","2021",2021-07-06,27,"10","East","10_East",9.25790536278777,0.464,19.9523822473874,3.04225235099601,58.8159921663222,4.09127305273469
"116","2021",2021-07-06,27,"10","North","10_North",56.8008961707128,0.464,122.415724505847,4.81555853046697,58.8159921663222,4.09127305273469
"117","2021",2021-07-06,27,"10","South","10_South",17.5701721777992,0.464,37.866750383188,3.66013913918734,58.8159921663222,4.09127305273469
"118","2021",2021-07-06,27,"10","South(2)","10_South(2)",21.7518310205305,0.464,46.8789461649364,3.86867587052559,58.8159921663222,4.09127305273469
"119","2021",2021-07-06,27,"10","West","10_West",31.0722970940372,0.464,66.9661575302527,4.21900989791199,58.8159921663222,4.09127305273469
"120","2021",2021-07-06,27,"11","East","11_East",67.531235186436,0.464,145.541455143181,4.98730835868921,125.975855944873,4.84399695771497
"121","2021",2021-07-06,27,"11","North","11_North",8.53999911043538,0.232,36.8103409932559,3.63258263646191,125.975855944873,4.84399695771497
"122","2021",2021-07-06,27,"11","North(2)","11_North(2)",4.13291326378978,0.065,63.5832809813812,4.16795556895415,125.975855944873,4.84399695771497
"123","2021",2021-07-06,27,"11","North(3)","11_North(3)",94.5658789944045,0.464,203.805773694837,5.32206208463729,125.975855944873,4.84399695771497
"124","2021",2021-07-06,27,"11","South","11_South",23.4179957585219,0.13,180.138428911707,5.19926153957203,125.975855944873,4.84399695771497
"125","2021",2021-07-06,27,"13","East","13_East",268.449289905981,0.11,2440.44809005437,7.8003466217784,2649.34891150527,7.8824465750322
"126","2021",2021-07-06,27,"13","North","13_North",93.3421337708409,0.096,972.31389344626,6.88070663390805,2649.34891150527,7.8824465750322
"127","2021",2021-07-06,27,"13","South","13_South",253.97594605685,0.056,4535.28475101518,8.41986361923427,2649.34891150527,7.8824465750322
"128","2021",2021-07-06,27,"15","East","15_East",488.140644174091,0.232,2104.05450075039,7.65209663687413,1515.30383546762,7.32403096529497
"129","2021",2021-07-06,27,"15","North","15_North",121.868057915438,0.232,525.293353083786,6.26585876276029,1515.30383546762,7.32403096529497
"130","2021",2021-07-06,27,"15","South","15_South",101.093076755475,0.232,435.746020497738,6.07935183734756,1515.30383546762,7.32403096529497
"131","2021",2021-07-06,27,"15","West","15_West",868.875225586189,0.29,2996.12146753858,8.00540759620459,1515.30383546762,7.32403096529497
"132","2021",2021-07-06,27,"6","East","6_East",2.9932986670273,0.464,6.4510747134209,2.00835827882247,4.1423372458198,1.63750769320015
"133","2021",2021-07-06,27,"6","North","6_North",1.96580784715925,0.464,4.23665484301563,1.65568290573862,4.1423372458198,1.63750769320015
"134","2021",2021-07-06,27,"6","South","6_South",2.729071414055,0.464,5.88161942684267,1.92885400605583,4.1423372458198,1.63750769320015
"135","2021",2021-07-06,27,"6","West","6_West",0,0.464,0,0,4.1423372458198,1.63750769320015
"136","2021",2021-07-06,27,"8","East","8_East",1.20251632507296,0.464,2.5916300109331,1.27860614149694,20.7212315853073,3.07829019628081
"137","2021",2021-07-06,27,"8","East(2)","8_East(2)",8.84083785487069,0.464,19.0535298596351,2.99840519110672,20.7212315853073,3.07829019628081
"138","2021",2021-07-06,27,"8","East(3)","8_East(3)",8.331890464575,0.464,17.9566604839979,2.94215534650308,20.7212315853073,3.07829019628081
"139","2021",2021-07-06,27,"8","North","8_North",0,0.13,0,0,20.7212315853073,3.07829019628081
"140","2021",2021-07-06,27,"8","South","8_South",1.49162576435801,0.464,3.21471069904744,1.43858095304783,20.7212315853073,3.07829019628081
"141","2021",2021-07-06,27,"8","West","8_West",41.8046084396114,0.464,90.0961388784729,4.51191542003591,20.7212315853073,3.07829019628081
"142","2021",2021-07-06,27,"8","West(2)","8_West(2)",8.13526845182661,0.464,17.532906146178,2.91954786265613,20.7212315853073,3.07829019628081
"143","2021",2021-07-06,27,"8","West(3)","8_West(3)",7.11046434434594,0.464,15.3242766041938,2.79265336203329,20.7212315853073,3.07829019628081
"144","2021",2021-07-07,27,"51","East","51_East",479.343864825963,0.08,5991.79831032454,8.69831374568272,9680.06679718639,9.17792738051926
"145","2021",2021-07-07,27,"51","North","51_North",1653.92397476218,0.062,26676.1931413256,10.1915642898972,9680.06679718639,9.17792738051926
"146","2021",2021-07-07,27,"51","South","51_South",261.052479674357,0.062,4210.52386571543,8.34557982453633,9680.06679718639,9.17792738051926
"147","2021",2021-07-07,27,"51","West","51_West",147.340149710403,0.08,1841.75187138004,7.51901531560546,9680.06679718639,9.17792738051926
"148","2021",2021-07-07,27,"52","East","52_East",60.6476370072805,0.248,244.546923416454,5.50348806305002,836.094308024891,6.72993673800712
"149","2021",2021-07-07,27,"52","North","52_North",1084.93782568415,0.464,2338.22807259515,7.75757627042187,836.094308024891,6.72993673800712
"150","2021",2021-07-07,27,"52","North(2)","52_North(2)",571.264170831979,0.464,1231.17278196547,7.11653437936188,836.094308024891,6.72993673800712
"151","2021",2021-07-07,27,"52","South","52_South",17.1615018450594,0.09,190.683353833993,5.25584481182114,836.094308024891,6.72993673800712
"152","2021",2021-07-07,27,"52","West","52_West",81.5899494574107,0.464,175.840408313385,5.17524767789784,836.094308024891,6.72993673800712
"153","2021",2021-07-07,27,"55","East","55_East",3.96408074987805,0.464,8.54327747818544,2.25583697763248,2.79898682343354,1.33473440576924
"154","2021",2021-07-07,27,"55","North","55_North",0,0.464,0,0,2.79898682343354,1.33473440576924
"155","2021",2021-07-07,27,"55","South","55_South",1.2308387944146,0.464,2.65266981554872,1.29545835652533,2.79898682343354,1.33473440576924
"156","2021",2021-07-07,27,"55","West","55_West",0,0.464,0,0,2.79898682343354,1.33473440576924
"157","2021",2021-07-13,28,"10","East","10_East",23.5785940145637,0.464,50.8159353762148,3.94769773470165,41.1198071108368,3.74051810774049
"158","2021",2021-07-13,28,"10","North","10_North",33.4613883514288,0.464,72.1150611022173,4.29203437976366,41.1198071108368,3.74051810774049
"159","2021",2021-07-13,28,"10","South","10_South",21.3833262449635,0.464,46.0847548382834,3.85194927215827,41.1198071108368,3.74051810774049
"160","2021",2021-07-13,28,"10","South(2)","10_South(2)",8.31069123704603,0.464,17.9109724936337,2.93974230882732,41.1198071108368,3.74051810774049
"161","2021",2021-07-13,28,"10","West","10_West",8.66395264913936,0.464,18.6723117438348,2.97921215187224,41.1198071108368,3.74051810774049
"162","2021",2021-07-13,28,"11","East","11_East",45.251169515483,0.464,97.5240722316444,4.59030090645865,234.788796748245,5.46293647530469
"163","2021",2021-07-13,28,"11","North","11_North",76.0083039999254,0.13,584.679261537888,6.37277230447481,234.788796748245,5.46293647530469
"164","2021",2021-07-13,28,"11","North(2)","11_North(2)",23.8721557394083,0.059,404.612809142514,6.00539903250443,234.788796748245,5.46293647530469
"165","2021",2021-07-13,28,"11","North(3)","11_North(3)",8.37043666553885,0.464,18.0397341929717,2.9465280688126,234.788796748245,5.46293647530469
"166","2021",2021-07-13,28,"11","South","11_South",6.63245823707594,0.096,69.0881066362077,4.24975311682461,234.788796748245,5.46293647530469
"167","2021",2021-07-13,28,"13","East","13_East",0,0.04,0,0,0,0
"168","2021",2021-07-13,28,"13","North","13_North",0,0.04,0,0,0,0
"169","2021",2021-07-13,28,"15","East","15_East",470.249635088473,0.203,2316.50066546046,7.7482445845858,5297.69098233443,8.57521508456933
"170","2021",2021-07-13,28,"15","North","15_North",495.57841384668,0.203,2441.27297461419,7.80068443163966,5297.69098233443,8.57521508456933
"171","2021",2021-07-13,28,"15","South","15_South",397.668472657939,0.174,2285.450992287,7.73475610936174,5297.69098233443,8.57521508456933
"172","2021",2021-07-13,28,"15","West","15_West",1061.06544727321,0.075,14147.5392969761,9.55736666784713,5297.69098233443,8.57521508456933
"173","2021",2021-07-13,28,"6","East","6_East",1.7860960053238,0.464,3.84934483905992,1.57884361109472,2.73933059401109,1.31890660984808
"174","2021",2021-07-13,28,"6","North","6_North",0,0.464,0,0,2.73933059401109,1.31890660984808
"175","2021",2021-07-13,28,"6","South","6_South",2.31338275287305,0.464,4.98573869153675,1.78937975520951,2.73933059401109,1.31890660984808
"176","2021",2021-07-13,28,"6","West","6_West",0.984718824287727,0.464,2.12223884544769,1.13855032315405,2.73933059401109,1.31890660984808
"177","2021",2021-07-13,28,"8","East","8_East",25.1502881266405,0.406,61.94652247941,4.14228551638159,27.3655073307092,3.34517387641831
"178","2021",2021-07-13,28,"8","East(2)","8_East(2)",10.7249642821273,0.464,23.1141471597572,3.18279868734537,27.3655073307092,3.34517387641831
"179","2021",2021-07-13,28,"8","East(3)","8_East(3)",3.88946836634731,0.464,8.38247492747265,2.23884357975836,27.3655073307092,3.34517387641831
"180","2021",2021-07-13,28,"8","North","8_North",2.63422471568452,0.074,35.5976312930341,3.59998351954341,27.3655073307092,3.34517387641831
"181","2021",2021-07-13,28,"8","South","8_South",1.82127982589734,0.464,3.92517203857185,1.59435920570367,27.3655073307092,3.34517387641831
"182","2021",2021-07-13,28,"8","West","8_West",13.4677947330611,0.464,29.0254196833212,3.40204434566424,27.3655073307092,3.34517387641831
"183","2021",2021-07-13,28,"8","West(2)","8_West(2)",26.4167686537455,0.464,56.9326910641067,4.05928183775144,27.3655073307092,3.34517387641831
"184","2021",2021-07-13,28,"8","West(3)","8_West(3)",0,0.464,0,0,27.3655073307092,3.34517387641831
"185","2021",2021-07-14,28,"51","East","51_East",0,0.28,0,0,20.7324004710965,3.07880425623422
"186","2021",2021-07-14,28,"51","North","51_North",0,0.14,0,0,20.7324004710965,3.07880425623422
"187","2021",2021-07-14,28,"51","South","51_South",0,0.28,0,0,20.7324004710965,3.07880425623422
"188","2021",2021-07-14,28,"51","West","51_West",23.2202885276281,0.28,82.9296018843861,4.42997837465904,20.7324004710965,3.07880425623422
"189","2021",2021-07-14,28,"52","East","52_East",411.598426436861,0.68,605.291803583619,6.40736139423918,8722.72359538235,9.07380144357594
"190","2021",2021-07-14,28,"52","North","52_North",569.389384401814,0.406,1402.43690739363,7.24667944102849,8722.72359538235,9.07380144357594
"191","2021",2021-07-14,28,"52","North(2)","52_North(2)",445.230545858637,0.13,3424.85035275875,8.13910499805814,8722.72359538235,9.07380144357594
"192","2021",2021-07-14,28,"52","South","52_South",1578.39311908801,0.046,34312.8938932176,10.4433056209085,8722.72359538235,9.07380144357594
"193","2021",2021-07-14,28,"52","West","52_West",1794.81928926058,0.464,3868.14501995815,8.26078883654087,8722.72359538235,9.07380144357594
"194","2021",2021-07-14,28,"55","East","55_East",6.35685499670489,0.464,13.7001185273812,2.68785555683934,21.0727682367072,3.09434464224925
"195","2021",2021-07-14,28,"55","North","55_North",16.5735936541017,0.464,35.7189518407364,3.60329302070263,21.0727682367072,3.09434464224925
"196","2021",2021-07-14,28,"55","South","55_South",13.248623997193,0.464,28.5530689594676,3.38618759495576,21.0727682367072,3.09434464224925
"197","2021",2021-07-14,28,"55","West","55_West",2.93198519932907,0.464,6.31893361924369,1.99046463692961,21.0727682367072,3.09434464224925
"198","2021",2021-07-19,29,"10","East","10_East",0,0.464,0,0,25.3879828759124,3.27290871242576
"199","2021",2021-07-19,29,"10","North","10_North",24.6055158620712,0.348,70.7055053507793,4.2725675277929,25.3879828759124,3.27290871242576
"200","2021",2021-07-19,29,"10","South","10_South",9.64348616525714,0.464,20.7833753561576,3.08114708052762,25.3879828759124,3.27290871242576
"201","2021",2021-07-19,29,"10","South(2)","10_South(2)",0,0.406,0,0,25.3879828759124,3.27290871242576
"202","2021",2021-07-19,29,"10","West","10_West",16.4492796240981,0.464,35.4510336726251,3.59596981669798,25.3879828759124,3.27290871242576
"203","2021",2021-07-19,29,"11","East","11_East",0,0.464,0,0,322.019447283292,5.77771252971761
"204","2021",2021-07-19,29,"11","North","11_North",150.561894817609,0.13,1158.16842167392,7.05545814915329,322.019447283292,5.77771252971761
"205","2021",2021-07-19,29,"11","North(2)","11_North(2)",7.22055315408478,0.04,180.51382885212,5.20133184282514,322.019447283292,5.77771252971761
"206","2021",2021-07-19,29,"11","North(3)","11_North(3)",102.32344968069,0.377,271.414985890426,5.60732658704416,322.019447283292,5.77771252971761
"207","2021",2021-07-19,29,"11","South","11_South",0,0.074,0,0,322.019447283292,5.77771252971761
"208","2021",2021-07-19,29,"13","East","13_East",0,0.017,0,0,0,0
"209","2021",2021-07-19,29,"13","North","13_North",0,0.014,0,0,0,0
"210","2021",2021-07-19,29,"15","East","15_East",572.569118349351,0.037,15474.8410364689,9.64703544415153,16069.1816547709,9.68472076263599
"211","2021",2021-07-19,29,"15","North","15_North",1218.21995627459,0.045,27071.5545838797,10.2062757477118,16069.1816547709,9.68472076263599
"212","2021",2021-07-19,29,"15","South","15_South",335.675246938124,0.034,9872.80138053307,9.19764020321575,16069.1816547709,9.68472076263599
"213","2021",2021-07-19,29,"15","West","15_West",438.728595873466,0.037,11857.5296182018,9.38080268663659,16069.1816547709,9.68472076263599
"214","2021",2021-07-19,29,"6","East","6_East",0,0.464,0,0,0,0
"215","2021",2021-07-19,29,"6","North","6_North",0,0.464,0,0,0,0
"216","2021",2021-07-19,29,"6","South","6_South",0,0.464,0,0,0,0
"217","2021",2021-07-19,29,"6","West","6_West",0,0.464,0,0,0,0
"218","2021",2021-07-19,29,"8","East","8_East",0,0.464,0,0,1.86355262768899,1.05206303148121
"219","2021",2021-07-19,29,"8","East(2)","8_East(2)",0,0.464,0,0,1.86355262768899,1.05206303148121
"220","2021",2021-07-19,29,"8","East(3)","8_East(3)",0,0.435,0,0,1.86355262768899,1.05206303148121
"221","2021",2021-07-19,29,"8","South","8_South",0,0.118,0,0,1.86355262768899,1.05206303148121
"222","2021",2021-07-19,29,"8","West","8_West",4.22563835751541,0.464,9.1069792187832,2.31322619696923,1.86355262768899,1.05206303148121
"223","2021",2021-07-19,29,"8","West(2)","8_West(2)",1.82718057721844,0.464,3.93788917503975,1.5969379473823,1.86355262768899,1.05206303148121
"224","2021",2021-07-19,29,"8","West(3)","8_West(3)",0,0.464,0,0,1.86355262768899,1.05206303148121
"225","2021",2021-07-20,29,"51","North","51_North",3.81348141038546,0.012,317.790117532122,5.76453294747737,158.895058766061,5.07451771733654
"226","2021",2021-07-20,29,"51","South","51_South",0,0.009,0,0,158.895058766061,5.07451771733654
"227","2021",2021-07-20,29,"52","East","52_East",332.846847101498,0.13,2560.36036231922,7.84829378786607,4117.77380038888,8.32331077678074
"228","2021",2021-07-20,29,"52","North","52_North",1108.75296823739,0.377,2940.98930566947,7.98684126610021,4117.77380038888,8.32331077678074
"229","2021",2021-07-20,29,"52","North(2)","52_North(2)",676.737583278609,0.13,5205.67371752776,8.55769648892332,4117.77380038888,8.32331077678074
"230","2021",2021-07-20,29,"52","South","52_South",221.894954324284,0.024,9245.62309684518,9.13201369324064,4117.77380038888,8.32331077678074
"231","2021",2021-07-20,29,"52","West","52_West",239.855889882697,0.377,636.222519582751,6.45711891887836,4117.77380038888,8.32331077678074
"232","2021",2021-07-20,29,"55","East","55_East",16.2482445873825,0.464,35.0177685072898,3.58401238633762,17.7025339831929,2.9286590218029
"233","2021",2021-07-20,29,"55","North","55_North",0,0.464,0,0,17.7025339831929,2.9286590218029
"234","2021",2021-07-20,29,"55","South","55_South",10.1446695075172,0.464,21.8635118696491,3.12954227166155,17.7025339831929,2.9286590218029
"235","2021",2021-07-20,29,"55","West","55_West",6.46298897790638,0.464,13.9288555558327,2.70329595461656,17.7025339831929,2.9286590218029
"236","2021",2021-07-29,31,"10","East","10_East",2.67777043475211,0.435,6.15579410287842,1.9679223925772,4.60659354962522,1.72394332470222
"237","2021",2021-07-29,31,"10","North","10_North",1.94129723781492,0.348,5.57844033854862,1.88379768662532,4.60659354962522,1.72394332470222
"238","2021",2021-07-29,31,"10","South","10_South",0,0.464,0,0,4.60659354962522,1.72394332470222
"239","2021",2021-07-29,31,"10","South(2)","10_South(2)",0,0.464,0,0,4.60659354962522,1.72394332470222
"240","2021",2021-07-29,31,"10","West","10_West",3.93195919073128,0.348,11.2987333066991,2.50949627388004,4.60659354962522,1.72394332470222
"241","2021",2021-07-29,31,"11","East","11_East",20.8144938696162,0.319,65.2491970834363,4.19342334529759,60.1600574171009,4.11349431986194
"242","2021",2021-07-29,31,"11","North","11_North",16.7082227827489,0.13,128.52479063653,4.86387229630526,60.1600574171009,4.11349431986194
"243","2021",2021-07-29,31,"11","North(2)","11_North(2)",3.70156247638762,0.042,88.1324399139908,4.49012335254625,60.1600574171009,4.11349431986194
"244","2021",2021-07-29,31,"11","North(3)","11_North(3)",8.21882886142329,0.435,18.8938594515478,2.99041111383886,60.1600574171009,4.11349431986194
"245","2021",2021-07-29,31,"11","South","11_South",0,0.074,0,0,60.1600574171009,4.11349431986194
"246","2021",2021-07-29,31,"13","East","13_East",0,0.025,0,0,0,0
"247","2021",2021-07-29,31,"13","North","13_North",0,0.02,0,0,0,0
"248","2021",2021-07-29,31,"15","North","15_North",245.220850883368,0.02,12261.0425441684,9.41426379791117,43609.463487262,10.6830523887845
"249","2021",2021-07-29,31,"15","South","15_South",1499.15768860711,0.02,74957.8844303557,11.2246950346025,43609.463487262,10.6830523887845
"250","2021",2021-07-29,31,"51","North","51_North",0,0.02,0,0,0,0
"251","2021",2021-07-29,31,"51","South","51_South",0,0.017,0,0,0,0
"252","2021",2021-07-29,31,"52","East","52_East",730.397628220736,0.13,5618.44329400566,8.63398787997506,1591.11947514401,7.37282141078944
"253","2021",2021-07-29,31,"52","North","52_North",311.113348213714,0.406,766.289035009148,6.64286356872461,1591.11947514401,7.37282141078944
"254","2021",2021-07-29,31,"52","North(2)","52_North(2)",87.0770024197832,0.13,669.823095536794,6.50850545919654,1591.11947514401,7.37282141078944
"255","2021",2021-07-29,31,"52","South","52_South",0,0.018,0,0,1591.11947514401,7.37282141078944
"256","2021",2021-07-29,31,"52","West","52_West",348.70323510219,0.387,901.04195116845,6.80466102803704,1591.11947514401,7.37282141078944
"257","2021",2021-07-29,31,"55","East","55_East",0,0.464,0,0,25.590037283844,3.28053660742935
"258","2021",2021-07-29,31,"55","North","55_North",43.4816084410515,0.464,93.7103630195076,4.55082342418925,25.590037283844,3.28053660742935
"259","2021",2021-07-29,31,"55","South","55_South",0,0.464,0,0,25.590037283844,3.28053660742935
"260","2021",2021-07-29,31,"55","West","55_West",4.01350075776293,0.464,8.64978611586839,2.26693575094655,25.590037283844,3.28053660742935
"261","2021",2021-07-29,31,"6","East","6_East",0,0.464,0,0,0,0
"262","2021",2021-07-29,31,"6","North","6_North",0,0.464,0,0,0,0
"263","2021",2021-07-29,31,"6","South","6_South",0,0.29,0,0,0,0
"264","2021",2021-07-29,31,"6","West","6_West",0,0.464,0,0,0,0
"265","2021",2021-07-29,31,"8","East","8_East",0,0.464,0,0,0,0
"266","2021",2021-07-29,31,"8","East(2)","8_East(2)",0,0.464,0,0,0,0
"267","2021",2021-07-29,31,"8","East(3)","8_East(3)",0,0.464,0,0,0,0
"268","2021",2021-07-29,31,"8","West","8_West",0,0.464,0,0,0,0
"269","2021",2021-07-29,31,"8","West(2)","8_West(2)",0,0.435,0,0,0,0
"270","2021",2021-07-29,31,"8","West(3)","8_West(3)",0,0.464,0,0,0,0
"271","2021",2021-08-04,31,"10","East","10_East",0,0.464,0,0,0,0
"272","2021",2021-08-04,31,"10","North","10_North",0,0.232,0,0,0,0
"273","2021",2021-08-04,31,"10","South","10_South",0,0.464,0,0,0,0
"274","2021",2021-08-04,31,"10","South(2)","10_South(2)",0,0.464,0,0,0,0
"275","2021",2021-08-04,31,"10","West","10_West",0,0.464,0,0,0,0
"276","2021",2021-08-04,31,"11","East","11_East",14.0343213623588,0.464,30.2463822464629,3.44190360136758,48.4211520071829,3.90037851083477
"277","2021",2021-08-04,31,"11","North","11_North",10.8027774072172,0.13,83.0982877478247,4.43198620705493,48.4211520071829,3.90037851083477
"278","2021",2021-08-04,31,"11","North(2)","11_North(2)",7.85215294871554,0.065,120.802353057162,4.80239967411351,48.4211520071829,3.90037851083477
"279","2021",2021-08-04,31,"11","North(3)","11_North(3)",3.69285396079165,0.464,7.95873698446476,2.19262925549555,48.4211520071829,3.90037851083477
"280","2021",2021-08-04,31,"11","South","11_South",0,0.13,0,0,48.4211520071829,3.90037851083477
"281","2021",2021-08-04,31,"13","East","13_East",0,0.065,0,0,0,0
"282","2021",2021-08-04,31,"13","North","13_North",0,0.13,0,0,0,0
"283","2021",2021-08-04,31,"15","East","15_East",138.650124135955,0.13,1066.53941643042,6.97311166847771,530.12223626878,6.27499219487948
"284","2021",2021-08-04,31,"15","North","15_North",51.3849061280183,0.13,395.268508677064,5.98209203369574,530.12223626878,6.27499219487948
"285","2021",2021-08-04,31,"15","South","15_South",32.4850571897467,0.13,249.885055305744,5.52499488725297,530.12223626878,6.27499219487948
"286","2021",2021-08-04,31,"15","West","15_West",53.1434754060456,0.13,408.795964661889,6.01565938866478,530.12223626878,6.27499219487948
"287","2021",2021-08-04,31,"51","North","51_North",0,0.08,0,0,0,0
"288","2021",2021-08-04,31,"51","South","51_South",0,0.08,0,0,0,0
"289","2021",2021-08-04,31,"52","East","52_East",190.560685514451,0.13,1465.85142703424,7.2908734962822,759.744438398543,6.63429747806819
"290","2021",2021-08-04,31,"52","North","52_North",145.510665689048,0.435,334.507277446087,5.815643647521,759.744438398543,6.63429747806819
"291","2021",2021-08-04,31,"52","North(2)","52_North(2)",128.326111435092,0.13,987.123934116093,6.89580812926976,759.744438398543,6.63429747806819
"292","2021",2021-08-04,31,"52","South","52_South",45.8928755656342,0.056,819.515635100611,6.7099329659252,759.744438398543,6.63429747806819
"293","2021",2021-08-04,31,"52","West","52_West",88.9598980891986,0.464,191.723918295687,5.26125868964667,759.744438398543,6.63429747806819
"294","2021",2021-08-04,31,"55","East","55_East",0,0.464,0,0,0,0
"295","2021",2021-08-04,31,"55","North","55_North",0,0.464,0,0,0,0
"296","2021",2021-08-04,31,"55","South","55_South",0,0.464,0,0,0,0
"297","2021",2021-08-04,31,"55","West","55_West",0,0.464,0,0,0,0
"298","2021",2021-08-04,31,"6","East","6_East",0,0.464,0,0,0,0
"299","2021",2021-08-04,31,"6","North","6_North",0,0.464,0,0,0,0
"300","2021",2021-08-04,31,"6","South","6_South",0,0.464,0,0,0,0
"301","2021",2021-08-04,31,"6","West","6_West",0,0.464,0,0,0,0
"302","2021",2021-08-04,31,"8","East","8_East",0,0.464,0,0,0,0
"303","2021",2021-08-04,31,"8","East(2)","8_East(2)",0,0.464,0,0,0,0
"304","2021",2021-08-04,31,"8","East(3)","8_East(3)",0,0.464,0,0,0,0
"305","2021",2021-08-04,31,"8","West","8_West",0,0.464,0,0,0,0
"306","2021",2021-08-04,31,"8","West(2)","8_West(2)",0,0.464,0,0,0,0
"307","2021",2021-08-04,31,"8","West(3)","8_West(3)",0,0.464,0,0,0,0
"308","2022",2022-06-16,24,"10","East","10_East",0,0.464,0,0,0,0
"309","2022",2022-06-16,24,"10","North","10_North",0,0.464,0,0,0,0
"310","2022",2022-06-16,24,"10","South","10_South",0,0.464,0,0,0,0
"311","2022",2022-06-16,24,"10","South(2)","10_South(2)",0,0.464,0,0,0,0
"312","2022",2022-06-16,24,"10","West","10_West",0,0.464,0,0,0,0
"313","2022",2022-06-16,24,"11","East","11_East",0.443186824864375,0.464,0.955144019104256,0.670463857785045,1.0915916842845,0.737925347556343
"314","2022",2022-06-16,24,"11","East(2)","11_East(2)",0,0.464,0,0,1.0915916842845,0.737925347556343
"315","2022",2022-06-16,24,"11","North","11_North",0.389013627074803,0.065,5.98482503192004,1.94373994327852,1.0915916842845,0.737925347556343
"316","2022",2022-06-16,24,"11","North(2)","11_North(2)",0,0.29,0,0,1.0915916842845,0.737925347556343
"317","2022",2022-06-16,24,"11","North(3)","11_North(3)",0,0.348,0,0,1.0915916842845,0.737925347556343
"318","2022",2022-06-16,24,"11","South","11_South",0,0.464,0,0,1.0915916842845,0.737925347556343
"319","2022",2022-06-16,24,"11","West","11_West",0.244008113160595,0.348,0.701172738967228,0.531317859678791,1.0915916842845,0.737925347556343
"320","2022",2022-06-16,24,"13","East","13_East",0,0.13,0,0,0,0
"321","2022",2022-06-16,24,"13","North","13_North",0,0.13,0,0,0,0
"322","2022",2022-06-16,24,"13","South","13_South",0,0.13,0,0,0,0
"323","2022",2022-06-16,24,"15","East","15_East",0,0.232,0,0,0,0
"324","2022",2022-06-16,24,"15","North","15_North",0,0.232,0,0,0,0
"325","2022",2022-06-16,24,"15","South","15_South",0,0.232,0,0,0,0
"326","2022",2022-06-16,24,"15","West","15_West",0,0.232,0,0,0,0
"327","2022",2022-06-16,24,"51","East","51_East",0.118864670435309,0.464,0.256173858696787,0.228070480995781,0.199375811467807,0.181801264355154
"328","2022",2022-06-16,24,"51","North","51_North",0,0.464,0,0,0.199375811467807,0.181801264355154
"329","2022",2022-06-16,24,"51","South","51_South",0.147704123231711,0.464,0.31832785179248,0.276364154610484,0.199375811467807,0.181801264355154
"330","2022",2022-06-16,24,"51","West","51_West",0.103472712417229,0.464,0.223001535381959,0.201308112126945,0.199375811467807,0.181801264355154
"331","2022",2022-06-16,24,"52","East","52_East",0,0.29,0,0,0,0
"332","2022",2022-06-16,24,"52","North","52_North",0,0.464,0,0,0,0
"333","2022",2022-06-16,24,"52","North(2)","52_North(2)",0,0.464,0,0,0,0
"334","2022",2022-06-16,24,"52","South","52_South",0,0.464,0,0,0,0
"335","2022",2022-06-16,24,"52","West","52_West",0,0.464,0,0,0,0
"336","2022",2022-06-16,24,"55","East","55_East",0,0.464,0,0,0,0
"337","2022",2022-06-16,24,"55","North","55_North",0,0.464,0,0,0,0
"338","2022",2022-06-16,24,"55","South","55_South",0,0.464,0,0,0,0
"339","2022",2022-06-16,24,"55","West","55_West",0,0.464,0,0,0,0
"340","2022",2022-06-16,24,"6","East","6_East",0,0.464,0,0,0,0
"341","2022",2022-06-16,24,"6","North","6_North",0,0.464,0,0,0,0
"342","2022",2022-06-16,24,"6","South","6_South",0,0.464,0,0,0,0
"343","2022",2022-06-16,24,"6","West","6_West",0,0.464,0,0,0,0
"344","2022",2022-06-16,24,"8","East","8_East",0,0.464,0,0,0.175847775660197,0.161989398632217
"345","2022",2022-06-16,24,"8","East(2)","8_East(2)",0,0.464,0,0,0.175847775660197,0.161989398632217
"346","2022",2022-06-16,24,"8","East(3)","8_East(3)",0,0.464,0,0,0.175847775660197,0.161989398632217
"347","2022",2022-06-16,24,"8","North","8_North",0,0.464,0,0,0.175847775660197,0.161989398632217
"348","2022",2022-06-16,24,"8","South","8_South",0,0.29,0,0,0.175847775660197,0.161989398632217
"349","2022",2022-06-16,24,"8","West","8_West",0,0.464,0,0,0.175847775660197,0.161989398632217
"350","2022",2022-06-16,24,"8","West(2)","8_West(2)",0,0.464,0,0,0.175847775660197,0.161989398632217
"351","2022",2022-06-16,24,"8","West(3)","8_West(3)",0.652746943250649,0.464,1.40678220528157,0.878290670819016,0.175847775660197,0.161989398632217
"352","2022",2022-06-21,25,"10","East","10_East",0,0.464,0,0,0.621254141610656,0.483200011223916
"353","2022",2022-06-21,25,"10","North","10_North",0.967073288821306,0.464,2.08420967418385,1.12629544112797,0.621254141610656,0.483200011223916
"354","2022",2022-06-21,25,"10","South","10_South",0.474236319715417,0.464,1.02206103386943,0.704117305043532,0.621254141610656,0.483200011223916
"355","2022",2022-06-21,25,"10","South(2)","10_South(2)",0,0.464,0,0,0.621254141610656,0.483200011223916
"356","2022",2022-06-21,25,"10","West","10_West",0,0.464,0,0,0.621254141610656,0.483200011223916
"357","2022",2022-06-21,25,"11","East","11_East",1.66527682187935,0.464,3.58895866784343,1.52365312858273,47.3103594956316,3.8776460199717
"358","2022",2022-06-21,25,"11","East(2)","11_East(2)",1.91285274310595,0.464,4.12252746359042,1.6336479624812,47.3103594956316,3.8776460199717
"359","2022",2022-06-21,25,"11","North","11_North",32.6459122276619,0.13,251.122401751245,5.52991469082215,47.3103594956316,3.8776460199717
"360","2022",2022-06-21,25,"11","North(2)","11_North(2)",3.1981193645554,0.065,49.2018363777754,3.91605160725919,47.3103594956316,3.8776460199717
"361","2022",2022-06-21,25,"11","North(3)","11_North(3)",2.60583199782942,0.464,5.61601723670133,1.88949356302352,47.3103594956316,3.8776460199717
"362","2022",2022-06-21,25,"11","South","11_South",6.30019583208861,0.464,13.5780082588117,2.67951410948556,47.3103594956316,3.8776460199717
"363","2022",2022-06-21,25,"11","West","11_West",0.914721877521274,0.232,3.94276671345377,1.59792523787501,47.3103594956316,3.8776460199717
"364","2022",2022-06-21,25,"13","East","13_East",49.3187049599812,0.13,379.374653538317,5.94115669737431,615.270459697111,6.42368592512564
"365","2022",2022-06-21,25,"13","North","13_North",154.728693957766,0.13,1190.22072275205,7.08273387775311,615.270459697111,6.42368592512564
"366","2022",2022-06-21,25,"13","South","13_South",35.9080803641257,0.13,276.216002800967,5.62479699581164,615.270459697111,6.42368592512564
"367","2022",2022-06-21,25,"15","East","15_East",32.3044423430617,0.232,139.243285961473,4.94337867132445,75.9525925417145,4.3431895509677
"368","2022",2022-06-21,25,"15","North","15_North",29.0853279106847,0.232,125.367792718469,4.83919664480209,75.9525925417145,4.3431895509677
"369","2022",2022-06-21,25,"15","South","15_South",2.76245001310222,0.232,11.9071121254406,2.55777848699596,75.9525925417145,4.3431895509677
"370","2022",2022-06-21,25,"15","West","15_West",6.33178561186241,0.232,27.2921793614759,3.34258541880712,75.9525925417145,4.3431895509677
"371","2022",2022-06-21,25,"51","East","51_East",26.8794981106164,0.464,57.9299528246043,4.07634949831674,24.832041503296,3.25161564011681
"372","2022",2022-06-21,25,"51","North","51_North",1.13297315855664,0.464,2.4417524968893,1.2359807884315,24.832041503296,3.25161564011681
"373","2022",2022-06-21,25,"51","South","51_South",18.0757977609443,0.464,38.9564606916904,3.68779037857867,24.832041503296,3.25161564011681
"374","2022",2022-06-21,25,"51","West","51_West",0,0.464,0,0,24.832041503296,3.25161564011681
"375","2022",2022-06-21,25,"52","East","52_East",0.398637461602559,0.464,0.859132460350342,0.620109959751373,1.53799039817043,0.931372586058257
"376","2022",2022-06-21,25,"52","North","52_North",0,0.464,0,0,1.53799039817043,0.931372586058257
"377","2022",2022-06-21,25,"52","North(2)","52_North(2)",0.370839341527991,0.464,0.799222718810326,0.587354748756616,1.53799039817043,0.931372586058257
"378","2022",2022-06-21,25,"52","South","52_South",2.79866092062484,0.464,6.03159681169146,1.95041382251774,1.53799039817043,0.931372586058257
"379","2022",2022-06-21,25,"52","West","52_West",0,0.464,0,0,1.53799039817043,0.931372586058257
"380","2022",2022-06-21,25,"55","East","55_East",0,0.464,0,0,0,0
"381","2022",2022-06-21,25,"55","North","55_North",0,0.464,0,0,0,0
"382","2022",2022-06-21,25,"55","South","55_South",0,0.464,0,0,0,0
"383","2022",2022-06-21,25,"55","West","55_West",0,0.464,0,0,0,0
"384","2022",2022-06-21,25,"6","East","6_East",0,0.464,0,0,0,0
"385","2022",2022-06-21,25,"6","North","6_North",0,0.464,0,0,0,0
"386","2022",2022-06-21,25,"6","South","6_South",0,0.464,0,0,0,0
"387","2022",2022-06-21,25,"6","West","6_West",0,0.464,0,0,0,0
"388","2022",2022-06-21,25,"8","East","8_East",0,0.464,0,0,3.68906760979086,1.54523375881153
"389","2022",2022-06-21,25,"8","East(2)","8_East(2)",2.84000622417375,0.464,6.12070306933997,1.96300646624267,3.68906760979086,1.54523375881153
"390","2022",2022-06-21,25,"8","East(3)","8_East(3)",0,0.464,0,0,3.68906760979086,1.54523375881153
"391","2022",2022-06-21,25,"8","North","8_North",0,0.464,0,0,3.68906760979086,1.54523375881153
"392","2022",2022-06-21,25,"8","South","8_South",0,0.464,0,0,3.68906760979086,1.54523375881153
"393","2022",2022-06-21,25,"8","West","8_West",10.8538127433699,0.464,23.3918378089869,3.19424856031106,3.68906760979086,1.54523375881153
"394","2022",2022-06-21,25,"8","West(2)","8_West(2)",0,0.464,0,0,3.68906760979086,1.54523375881153
"395","2022",2022-06-21,25,"8","West(3)","8_West(3)",0,0.464,0,0,3.68906760979086,1.54523375881153
"396","2022",2022-06-27,26,"10","East","10_East",0,0.464,0,0,2.04214128265975,1.11256163676247
"397","2022",2022-06-27,26,"10","North","10_North",2.32909667363157,0.464,5.01960490006803,1.79502162594897,2.04214128265975,1.11256163676247
"398","2022",2022-06-27,26,"10","South","10_South",0,0.464,0,0,2.04214128265975,1.11256163676247
"399","2022",2022-06-27,26,"10","South(2)","10_South(2)",0,0.464,0,0,2.04214128265975,1.11256163676247
"400","2022",2022-06-27,26,"10","West","10_West",2.40867110213904,0.464,5.1911015132307,1.82311302130635,2.04214128265975,1.11256163676247
"401","2022",2022-06-27,26,"11","East(2)","11_East(2)",19.7581713558673,0.464,42.5822658531623,3.7746503211241,20.7904314156358,3.08147094755062
"402","2022",2022-06-27,26,"11","North(2)","11_North(2)",0.85920524119352,0.348,2.4689805781423,1.24386076928134,20.7904314156358,3.08147094755062
"403","2022",2022-06-27,26,"11","North(3)","11_North(3)",4.58433925060485,0.464,9.88004148837251,2.38693005469006,20.7904314156358,3.08147094755062
"404","2022",2022-06-27,26,"11","South","11_South",5.84186270968492,0.464,12.5902213570796,2.60935051626289,20.7904314156358,3.08147094755062
"405","2022",2022-06-27,26,"11","West","11_West",8.45191028993003,0.232,36.4306478014226,3.6224898287776,20.7904314156358,3.08147094755062
"406","2022",2022-06-27,26,"13","East","13_East",243.600430420346,0.13,1873.84946477189,7.53628364972647,1299.72234666283,7.17067504041172
"407","2022",2022-06-27,26,"13","North","13_North",156.522510487811,0.13,1204.0193114447,7.09425087189153,1299.72234666283,7.17067504041172
"408","2022",2022-06-27,26,"13","South","13_South",90.3428090149086,0.11,821.298263771896,6.71210318054558,1299.72234666283,7.17067504041172
"409","2022",2022-06-27,26,"15","East","15_East",78.5893710078069,0.232,338.747288826754,5.82820207309287,525.909148402958,6.26702813975754
"410","2022",2022-06-27,26,"15","North","15_North",266.832124845521,0.232,1150.13846916173,7.04850670484112,525.909148402958,6.26702813975754
"411","2022",2022-06-27,26,"15","South","15_South",87.4568323726295,0.232,376.969105054438,5.93481245961907,525.909148402958,6.26702813975754
"412","2022",2022-06-27,26,"15","West","15_West",55.1653614919877,0.232,237.781730568913,5.47554987343647,525.909148402958,6.26702813975754
"413","2022",2022-06-27,26,"51","East","51_East",16.7427023504232,0.464,36.083410237981,3.61316970620928,35.0618628403832,3.58523587590795
"414","2022",2022-06-27,26,"51","North","51_North",4.32670765389426,0.464,9.32480097822039,2.33454886294416,35.0618628403832,3.58523587590795
"415","2022",2022-06-27,26,"51","South","51_South",18.7954277825782,0.464,40.507387462453,3.725871422538,35.0618628403832,3.58523587590795
"416","2022",2022-06-27,26,"51","West","51_West",25.2099796448555,0.464,54.3318526828783,4.01334874058725,35.0618628403832,3.58523587590795
"417","2022",2022-06-27,26,"52","East","52_East",6.09818137098059,0.464,13.1426322650444,2.64919380050145,18.017691137429,2.94536965844636
"418","2022",2022-06-27,26,"52","North","52_North",1.15412672484129,0.464,2.48734207939934,1.24913986422957,18.017691137429,2.94536965844636
"419","2022",2022-06-27,26,"52","North(2)","52_North(2)",2.06548011519429,0.464,4.45146576550493,1.69588452031425,18.017691137429,2.94536965844636
"420","2022",2022-06-27,26,"52","South","52_South",10.4645972019708,0.464,22.5530112111441,3.15925367688055,18.017691137429,2.94536965844636
"421","2022",2022-06-27,26,"52","West","52_West",22.0186580258483,0.464,47.4540043660523,3.88061498437562,18.017691137429,2.94536965844636
"422","2022",2022-06-27,26,"55","East","55_East",0,0.464,0,0,0.179661944306916,0.165227909556587
"423","2022",2022-06-27,26,"55","North","55_North",0.333452568633636,0.464,0.718647777227663,0.541537805596491,0.179661944306916,0.165227909556587
"424","2022",2022-06-27,26,"55","South","55_South",0,0.464,0,0,0.179661944306916,0.165227909556587
"425","2022",2022-06-27,26,"55","West","55_West",0,0.464,0,0,0.179661944306916,0.165227909556587
"426","2022",2022-06-27,26,"6","East","6_East",0,0.464,0,0,0,0
"427","2022",2022-06-27,26,"6","North","6_North",0,0.464,0,0,0,0
"428","2022",2022-06-27,26,"6","South","6_South",0,0.464,0,0,0,0
"429","2022",2022-06-27,26,"6","West","6_West",0,0.464,0,0,0,0
"430","2022",2022-06-27,26,"8","East","8_East",0,0.464,0,0,6.02848954613461,1.94997182443489
"431","2022",2022-06-27,26,"8","East(2)","8_East(2)",0,0.464,0,0,6.02848954613461,1.94997182443489
"432","2022",2022-06-27,26,"8","East(3)","8_East(3)",8.84193170449656,0.464,19.0558872941736,2.99852274128364,6.02848954613461,1.94997182443489
"433","2022",2022-06-27,26,"8","North","8_North",0,0.464,0,0,6.02848954613461,1.94997182443489
"434","2022",2022-06-27,26,"8","South","8_South",0,0.464,0,0,6.02848954613461,1.94997182443489
"435","2022",2022-06-27,26,"8","West","8_West",5.22541218576613,0.464,11.2616641934615,2.5064776630139,6.02848954613461,1.94997182443489
"436","2022",2022-06-27,26,"8","West(2)","8_West(2)",0,0.464,0,0,6.02848954613461,1.94997182443489
"437","2022",2022-06-27,26,"8","West(3)","8_West(3)",8.31040930498899,0.464,17.9103648814418,2.93971017817124,6.02848954613461,1.94997182443489
"438","2022",2022-07-05,27,"10","East","10_East",1.83309184672272,0.464,3.95062898000586,1.59951463517616,1.39281015752586,0.872468473362146
"439","2022",2022-07-05,27,"10","North","10_North",0,0.464,0,0,1.39281015752586,0.872468473362146
"440","2022",2022-07-05,27,"10","South","10_South",0,0.464,0,0,1.39281015752586,0.872468473362146
"441","2022",2022-07-05,27,"10","South(2)","10_South(2)",0,0.464,0,0,1.39281015752586,0.872468473362146
"442","2022",2022-07-05,27,"10","West","10_West",1.39822771873728,0.464,3.01342180762344,1.38964419605847,1.39281015752586,0.872468473362146
"443","2022",2022-07-05,27,"11","East(2)","11_East(2)",36.6085233486946,0.464,78.8976796308073,4.38074681143448,49.9753213983283,3.93134162145934
"444","2022",2022-07-05,27,"11","North(2)","11_North(2)",0,0.464,0,0,49.9753213983283,3.93134162145934
"445","2022",2022-07-05,27,"11","North(3)","11_North(3)",16.0566071414025,0.464,34.604756770264,3.57247924607426,49.9753213983283,3.93134162145934
"446","2022",2022-07-05,27,"11","South","11_South",10.6370875849551,0.464,22.9247577261964,3.17491381090097,49.9753213983283,3.93134162145934
"447","2022",2022-07-05,27,"11","West","11_West",39.480395676802,0.348,113.449412864374,4.74013291632315,49.9753213983283,3.93134162145934
"448","2022",2022-07-05,27,"13","East","13_East",29.7145805553169,0.13,228.573696579361,5.43622409594611,140.270805650783,4.95067865582218
"449","2022",2022-07-05,27,"13","North","13_North",10.7952632250957,0.11,98.138756591779,4.59652045057086,140.270805650783,4.95067865582218
"450","2022",2022-07-05,27,"13","South","13_South",9.03359652299598,0.096,94.0999637812081,4.55492858870173,140.270805650783,4.95067865582218
"451","2022",2022-07-05,27,"15","East","15_East",232.938401841125,0.232,1004.04483552209,6.91278743195786,555.627005953242,6.32189536741393
"452","2022",2022-07-05,27,"15","North","15_North",145.166299173388,0.232,625.716806781846,6.44049477477728,555.627005953242,6.32189536741393
"453","2022",2022-07-05,27,"15","South","15_South",111.581745768341,0.232,480.955800725606,6.17785241010652,555.627005953242,6.32189536741393
"454","2022",2022-07-05,27,"15","West","15_West",25.9354147417547,0.232,111.790580783426,4.7255328318843,555.627005953242,6.32189536741393
"455","2022",2022-07-05,27,"6","East","6_East",0,0.464,0,0,0,0
"456","2022",2022-07-05,27,"6","North","6_North",0,0.464,0,0,0,0
"457","2022",2022-07-05,27,"6","South","6_South",0,0.464,0,0,0,0
"458","2022",2022-07-05,27,"6","West","6_West",0,0.464,0,0,0,0
"459","2022",2022-07-05,27,"8","East","8_East",0,0.464,0,0,17.82623703102,2.93525148366619
"460","2022",2022-07-05,27,"8","East(2)","8_East(2)",22.1655811442305,0.464,47.770649017738,3.8871286773582,17.82623703102,2.93525148366619
"461","2022",2022-07-05,27,"8","East(3)","8_East(3)",11.2753797153776,0.464,24.3003873176242,3.2308197046133,17.82623703102,2.93525148366619
"462","2022",2022-07-05,27,"8","North","8_North",11.3492826469767,0.464,24.4596608771049,3.23709527320964,17.82623703102,2.93525148366619
"463","2022",2022-07-05,27,"8","South","8_South",7.66835742973163,0.435,17.6284078844405,2.92468772118922,17.82623703102,2.93525148366619
"464","2022",2022-07-05,27,"8","West","8_West",6.24888662948232,0.464,13.4674280807809,2.67189978336526,17.82623703102,2.93525148366619
"465","2022",2022-07-05,27,"8","West(2)","8_West(2)",6.95228046469887,0.464,14.9833630704717,2.77154837316879,17.82623703102,2.93525148366619
"466","2022",2022-07-05,27,"8","West(3)","8_West(3)",0,0.464,0,0,17.82623703102,2.93525148366619
"467","2022",2022-07-08,28,"51","East","51_East",103.585806962257,0.406,255.137455572062,5.54571423620947,190.619688811714,5.25551262023495
"468","2022",2022-07-08,28,"51","North","51_North",111.036997600876,0.435,255.25746574914,5.546182664659,190.619688811714,5.25551262023495
"469","2022",2022-07-08,28,"51","South","51_South",80.7735787994186,0.464,174.08098879185,5.16524865996411,190.619688811714,5.25551262023495
"470","2022",2022-07-08,28,"51","West","51_West",36.1933201420855,0.464,78.0028451338049,4.36948386617048,190.619688811714,5.25551262023495
"471","2022",2022-07-08,28,"52","East","52_East",37.2485089490615,0.464,80.2769589419429,4.39786256853799,113.764000515779,4.74287785035029
"472","2022",2022-07-08,28,"52","North","52_North",23.6366209787866,0.435,54.3370597213485,4.01344284178262,113.764000515779,4.74287785035029
"473","2022",2022-07-08,28,"52","North(2)","52_North(2)",57.9930916851034,0.464,124.985111390309,4.83616373640064,113.764000515779,4.74287785035029
"474","2022",2022-07-08,28,"52","South","52_South",37.044248484058,0.13,284.955757569677,5.65583710504121,113.764000515779,4.74287785035029
"475","2022",2022-07-08,28,"52","West","52_West",11.2590133394067,0.464,24.2651149556178,3.22942458872829,113.764000515779,4.74287785035029
"476","2022",2022-07-08,28,"55","East","55_East",0,0.464,0,0,0,0
"477","2022",2022-07-08,28,"55","North","55_North",0,0.464,0,0,0,0
"478","2022",2022-07-08,28,"55","South","55_South",0,0.464,0,0,0,0
"479","2022",2022-07-08,28,"55","West","55_West",0,0.464,0,0,0,0
"480","2022",2022-07-13,28,"10","East","10_East",2.43619753985636,0.464,5.25042573244906,1.83264957862029,1.05008514648981,0.717881327160847
"481","2022",2022-07-13,28,"10","North","10_North",0,0.464,0,0,1.05008514648981,0.717881327160847
"482","2022",2022-07-13,28,"10","South","10_South",0,0.464,0,0,1.05008514648981,0.717881327160847
"483","2022",2022-07-13,28,"10","South(2)","10_South(2)",0,0.464,0,0,1.05008514648981,0.717881327160847
"484","2022",2022-07-13,28,"10","West","10_West",0,0.464,0,0,1.05008514648981,0.717881327160847
"485","2022",2022-07-13,28,"11","East(2)","11_East(2)",11.7482299560445,0.464,25.3194611121648,3.27030863178569,20.4093328638528,3.06382694209055
"486","2022",2022-07-13,28,"11","North(2)","11_North(2)",0,0.464,0,0,20.4093328638528,3.06382694209055
"487","2022",2022-07-13,28,"11","North(3)","11_North(3)",12.179498850647,0.464,26.2489199367391,3.30501388497473,20.4093328638528,3.06382694209055
"488","2022",2022-07-13,28,"11","South","11_South",7.64962304187797,0.464,16.4862565557715,2.86141523271852,20.4093328638528,3.06382694209055
"489","2022",2022-07-13,28,"11","West","11_West",9.85768774723064,0.29,33.9920267145884,3.55512022738258,20.4093328638528,3.06382694209055
"490","2022",2022-07-13,28,"13","East","13_East",0,0.096,0,0,17.4321998793961,2.91409912860595
"491","2022",2022-07-13,28,"13","North","13_North",1.99668456426769,0.084,23.7700543365201,3.20963543714118,17.4321998793961,2.91409912860595
"492","2022",2022-07-13,28,"13","South","13_South",1.76864580870343,0.062,28.5265453016682,3.38528969946632,17.4321998793961,2.91409912860595
"493","2022",2022-07-13,28,"15","East","15_East",332.694201701549,0.232,1434.02673147219,7.26893875622384,704.740993413832,6.55924830532894
"494","2022",2022-07-13,28,"15","North","15_North",124.257402374415,0.232,535.592251613858,6.28523849810691,704.740993413832,6.55924830532894
"495","2022",2022-07-13,28,"15","South","15_South",66.9078624283155,0.232,288.395958742739,5.66779584983844,704.740993413832,6.55924830532894
"496","2022",2022-07-13,28,"15","West","15_West",130.140175383757,0.232,560.949031826537,6.33141115508093,704.740993413832,6.55924830532894
"497","2022",2022-07-13,28,"51","East","51_East",7.46550984098237,0.104,71.7837484709843,4.28749269499326,163.644486639851,5.1037885229283
"498","2022",2022-07-13,28,"51","North","51_North",28.1368218925812,0.1,281.368218925812,5.64321196007153,163.644486639851,5.1037885229283
"499","2022",2022-07-13,28,"51","South","51_South",18.7994488954563,0.096,195.827592661003,5.28232818140091,163.644486639851,5.1037885229283
"500","2022",2022-07-13,28,"51","West","51_West",11.6158225151765,0.11,105.598386501604,4.66906837560973,163.644486639851,5.1037885229283
"501","2022",2022-07-13,28,"52","East","52_East",39.9576367305774,0.13,307.366436389057,5.73128880434331,319.256366559685,5.76912182054703
"502","2022",2022-07-13,28,"52","North","52_North",318.0789533899,0.464,685.514985754095,6.53162805418185,319.256366559685,5.76912182054703
"503","2022",2022-07-13,28,"52","North(2)","52_North(2)",38.6646344489205,0.435,88.8842171239552,4.4985223657086,319.256366559685,5.76912182054703
"504","2022",2022-07-13,28,"52","South","52_South",21.1632040240586,0.096,220.450041917277,5.4001970196547,319.256366559685,5.76912182054703
"505","2022",2022-07-13,28,"52","West","52_West",136.446694348916,0.464,294.066151614043,5.68719957396064,319.256366559685,5.76912182054703
"506","2022",2022-07-13,28,"55","East","55_East",0,0.464,0,0,0.723483317791276,0.544347427665552
"507","2022",2022-07-13,28,"55","North","55_North",0,0.464,0,0,0.723483317791276,0.544347427665552
"508","2022",2022-07-13,28,"55","South","55_South",1.34278503782061,0.464,2.8939332711651,1.35941977048194,0.723483317791276,0.544347427665552
"509","2022",2022-07-13,28,"55","West","55_West",0,0.464,0,0,0.723483317791276,0.544347427665552
"510","2022",2022-07-13,28,"6","East","6_East",0,0.464,0,0,0,0
"511","2022",2022-07-13,28,"6","North","6_North",0,0.464,0,0,0,0
"512","2022",2022-07-13,28,"6","South","6_South",0,0.464,0,0,0,0
"513","2022",2022-07-13,28,"6","West","6_West",0,0.464,0,0,0,0
"514","2022",2022-07-13,28,"8","East","8_East",3.11118204869395,0.464,6.70513372563351,2.04188682431693,8.81411111070436,2.28382125925681
"515","2022",2022-07-13,28,"8","East(2)","8_East(2)",1.83309184672272,0.464,3.95062898000586,1.59951463517616,8.81411111070436,2.28382125925681
"516","2022",2022-07-13,28,"8","East(3)","8_East(3)",0,0.464,0,0,8.81411111070436,2.28382125925681
"517","2022",2022-07-13,28,"8","West","8_West",9.62031182646653,0.464,20.7334306604882,3.07885165849779,8.81411111070436,2.28382125925681
"518","2022",2022-07-13,28,"8","West(2)","8_West(2)",2.36753503052783,0.464,5.10244618648239,1.80868970497201,8.81411111070436,2.28382125925681
"519","2022",2022-07-13,28,"8","West(3)","8_West(3)",7.60636457978991,0.464,16.3930271116162,2.85606938519075,8.81411111070436,2.28382125925681
"520","2022",2022-07-20,29,"10","East","10_East",0,0.464,0,0,1.18587148600792,0.782014598459807
"521","2022",2022-07-20,29,"10","North","10_North",2.75122184753838,0.464,5.92935743003962,1.93576708596477,1.18587148600792,0.782014598459807
"522","2022",2022-07-20,29,"10","South","10_South",0,0.435,0,0,1.18587148600792,0.782014598459807
"523","2022",2022-07-20,29,"10","South(2)","10_South(2)",0,0.435,0,0,1.18587148600792,0.782014598459807
"524","2022",2022-07-20,29,"10","West","10_West",0,0.464,0,0,1.18587148600792,0.782014598459807
"525","2022",2022-07-20,29,"11","East(2)","11_East(2)",3.47880662526278,0.406,8.56848922478517,2.25847532725408,6.02504525141274,1.9494816566813
"526","2022",2022-07-20,29,"11","North(2)","11_North(2)",6.30586686303151,0.406,15.5316917808658,2.80527925268581,6.02504525141274,1.9494816566813
"527","2022",2022-07-20,29,"11","North(3)","11_North(3)",0,0.435,0,0,6.02504525141274,1.9494816566813
"528","2022",2022-07-20,29,"11","South","11_South",0,0.464,0,0,6.02504525141274,1.9494816566813
"529","2022",2022-07-20,29,"13","East","13_East",0,0.062,0,0,0,0
"530","2022",2022-07-20,29,"13","North","13_North",0,0.056,0,0,0,0
"531","2022",2022-07-20,29,"13","South","13_South",0,0.014,0,0,0,0
"532","2022",2022-07-20,29,"15","East","15_East",280.460847466846,0.203,1381.58052939333,7.23170698080918,1326.1969388716,7.19082443241757
"533","2022",2022-07-20,29,"15","South","15_South",258.469839545992,0.174,1485.45884796547,7.30415195821066,1326.1969388716,7.19082443241757
"534","2022",2022-07-20,29,"15","West","15_West",263.926891071947,0.232,1137.61590979287,7.03756868953799,1326.1969388716,7.19082443241757
"535","2022",2022-07-20,29,"15","West","15_West",263.926891071947,0.203,1300.13246833471,7.17099029372479,1326.1969388716,7.19082443241757
"536","2022",2022-07-20,29,"51","East","51_East",0,0.068,0,0,0,0
"537","2022",2022-07-20,29,"51","North","51_North",0,0.068,0,0,0,0
"538","2022",2022-07-20,29,"51","South","51_South",0,0.056,0,0,0,0
"539","2022",2022-07-20,29,"51","West","51_West",0,0.074,0,0,0,0
"540","2022",2022-07-20,29,"52","East","52_East",2.7734709782783,0.13,21.3343921406023,3.10612773887977,14.1268962068967,2.71647436510988
"541","2022",2022-07-20,29,"52","North","52_North",4.53423882511552,0.406,11.1680759239299,2.49881579457673,14.1268962068967,2.71647436510988
"542","2022",2022-07-20,29,"52","North(2)","52_North(2)",8.49583711806149,0.435,19.5306600415207,3.02191938061246,14.1268962068967,2.71647436510988
"543","2022",2022-07-20,29,"52","South","52_South",0,0.056,0,0,14.1268962068967,2.71647436510988
"544","2022",2022-07-20,29,"52","West","52_West",8.63102775879178,0.464,18.6013529284306,2.97559859081496,14.1268962068967,2.71647436510988
"545","2022",2022-07-20,29,"55","East","55_East",0,0.464,0,0,1.48233935750991,0.909201404877612
"546","2022",2022-07-20,29,"55","North","55_North",2.75122184753838,0.464,5.92935743003962,1.93576708596477,1.48233935750991,0.909201404877612
"547","2022",2022-07-20,29,"55","South","55_South",0,0.464,0,0,1.48233935750991,0.909201404877612
"548","2022",2022-07-20,29,"55","West","55_West",0,0.464,0,0,1.48233935750991,0.909201404877612
"549","2022",2022-07-20,29,"6","East","6_East",0,0.464,0,0,0,0
"550","2022",2022-07-20,29,"6","North","6_North",0,0.464,0,0,0,0
"551","2022",2022-07-20,29,"6","South","6_South",0,0.464,0,0,0,0
"552","2022",2022-07-20,29,"6","West","6_West",0,0.464,0,0,0,0
"553","2022",2022-07-20,29,"8","East","8_East",0,0.464,0,0,1.3264316742997,0.844335623420713
"554","2022",2022-07-20,29,"8","East(2)","8_East(2)",0,0.464,0,0,1.3264316742997,0.844335623420713
"555","2022",2022-07-20,29,"8","East(3)","8_East(3)",0,0.464,0,0,1.3264316742997,0.844335623420713
"556","2022",2022-07-20,29,"8","West","8_West",3.46198666992221,0.435,7.95859004579818,2.19261285364428,1.3264316742997,0.844335623420713
"557","2022",2022-07-20,29,"8","West(2)","8_West(2)",0,0.464,0,0,1.3264316742997,0.844335623420713
"558","2022",2022-07-20,29,"8","West(3)","8_West(3)",0,0.464,0,0,1.3264316742997,0.844335623420713
"559","2022",2022-07-27,30,"10","East","10_East",0,0.464,0,0,0,0
"560","2022",2022-07-27,30,"10","North","10_North",0,0.464,0,0,0,0
"561","2022",2022-07-27,30,"10","South","10_South",0,0.406,0,0,0,0
"562","2022",2022-07-27,30,"10","South(2)","10_South(2)",0,0.406,0,0,0,0
"563","2022",2022-07-27,30,"10","West","10_West",0,0.464,0,0,0,0
"564","2022",2022-07-27,30,"11","East(2)","11_East(2)",0,0.13,0,0,0,0
"565","2022",2022-07-27,30,"11","North(2)","11_North(2)",0,0.348,0,0,0,0
"566","2022",2022-07-27,30,"11","North(3)","11_North(3)",0,0.464,0,0,0,0
"567","2022",2022-07-27,30,"11","South","11_South",0,0.348,0,0,0,0
"568","2022",2022-07-27,30,"13","East","13_East",0,0.017,0,0,0,0
"569","2022",2022-07-27,30,"13","North","13_North",0,0.04,0,0,0,0
"570","2022",2022-07-27,30,"15","East","15_East",179.880530028463,0.11,1635.2775457133,7.40017915174294,2719.9430120488,7.90873379481118
"571","2022",2022-07-27,30,"15","North","15_North",263.993262415345,0.11,2399.93874923041,7.78361508537125,2719.9430120488,7.90873379481118
"572","2022",2022-07-27,30,"15","South","15_South",414.824047636622,0.11,3771.12770578747,8.23539449943354,2719.9430120488,7.90873379481118
"573","2022",2022-07-27,30,"15","West","15_West",399.54564617032,0.13,3073.428047464,8.0308741621156,2719.9430120488,7.90873379481118
"574","2022",2022-07-27,30,"51","North","51_North",0,0.062,0,0,0,0
"575","2022",2022-07-27,30,"51","South","51_South",0,0.056,0,0,0,0
"576","2022",2022-07-27,30,"52","East","52_East",16.7291035707047,0.13,128.685412082344,4.8651116106894,46.5108355941189,3.86095780279662
"577","2022",2022-07-27,30,"52","North","52_North",12.236743673414,0.377,32.4582060302759,3.51029707876794,46.5108355941189,3.86095780279662
"578","2022",2022-07-27,30,"52","North(2)","52_North(2)",6.63378830717135,0.377,17.5962554566879,2.92296024091875,46.5108355941189,3.86095780279662
"579","2022",2022-07-27,30,"52","South","52_South",0,0.04,0,0,46.5108355941189,3.86095780279662
"580","2022",2022-07-27,30,"52","West","52_West",20.287992759285,0.377,53.8143044012865,4.00395118911233,46.5108355941189,3.86095780279662
"581","2022",2022-07-27,30,"55","East","55_East",0,0.464,0,0,0,0
"582","2022",2022-07-27,30,"55","North","55_North",0,0.464,0,0,0,0
"583","2022",2022-07-27,30,"55","South","55_South",0,0.464,0,0,0,0
"584","2022",2022-07-27,30,"55","West","55_West",0,0.464,0,0,0,0
"585","2022",2022-07-27,30,"6","East","6_East",0,0.464,0,0,0,0
"586","2022",2022-07-27,30,"6","North","6_North",0,0.464,0,0,0,0
"587","2022",2022-07-27,30,"6","South","6_South",0,0.464,0,0,0,0
"588","2022",2022-07-27,30,"6","West","6_West",0,0.464,0,0,0,0
"589","2022",2022-07-27,30,"8","East","8_East",0,0.464,0,0,0,0
"590","2022",2022-07-27,30,"8","East(2)","8_East(2)",0,0.464,0,0,0,0
"591","2022",2022-07-27,30,"8","East(3)","8_East(3)",0,0.464,0,0,0,0
"592","2022",2022-07-27,30,"8","West","8_West",0,0.464,0,0,0,0
"593","2022",2022-07-27,30,"8","West(2)","8_West(2)",0,0.464,0,0,0,0
"594","2022",2022-07-27,30,"8","West(3)","8_West(3)",0,0.464,0,0,0,0
"595","2022",2022-08-03,31,"10","East","10_East",0,0.464,0,0,0,0
"596","2022",2022-08-03,31,"10","North","10_North",0,0.464,0,0,0,0
"597","2022",2022-08-03,31,"10","South","10_South",0,0.464,0,0,0,0
"598","2022",2022-08-03,31,"10","South(2)","10_South(2)",0,0.464,0,0,0,0
"599","2022",2022-08-03,31,"10","West","10_West",0,0.464,0,0,0,0
"600","2022",2022-08-03,31,"11","East(2)","11_East(2)",0,0.464,0,0,0,0
"601","2022",2022-08-03,31,"11","North(2)","11_North(2)",0,0.348,0,0,0,0
"602","2022",2022-08-03,31,"11","North(3)","11_North(3)",0,0.464,0,0,0,0
"603","2022",2022-08-03,31,"11","South","11_South",0,0.464,0,0,0,0
"604","2022",2022-08-03,31,"13","East","13_East",0,0.104,0,0,0,0
"605","2022",2022-08-03,31,"13","North","13_North",0,0.09,0,0,0,0
"606","2022",2022-08-03,31,"15","East","15_East",8.57296797262705,0.232,36.9524481578752,3.63633401184989,47.6453102197504,3.88455540562466
"607","2022",2022-08-03,31,"15","North","15_North",18.0420454843316,0.232,77.7674374324638,4.36649968090807,47.6453102197504,3.88455540562466
"608","2022",2022-08-03,31,"15","South","15_South",12.1906021173864,0.232,52.545698781838,3.98053547213351,47.6453102197504,3.88455540562466
"609","2022",2022-08-03,31,"15","West","15_West",5.40923230958335,0.232,23.3156565068248,3.1911204435663,47.6453102197504,3.88455540562466
"610","2022",2022-08-03,31,"51","North","51_North",0,0.084,0,0,0,0
"611","2022",2022-08-03,31,"51","South","51_South",0,0.084,0,0,0,0
"612","2022",2022-08-03,31,"52","East","52_East",3.84243779681593,0.13,29.557213821661,3.41960078938485,10.1877498264431,2.41481941420689
"613","2022",2022-08-03,31,"52","North","52_North",2.17450954590675,0.377,5.76792982999138,1.9121952543411,10.1877498264431,2.41481941420689
"614","2022",2022-08-03,31,"52","North(2)","52_North(2)",0,0.406,0,0,10.1877498264431,2.41481941420689
"615","2022",2022-08-03,31,"52","South","52_South",0,0.056,0,0,10.1877498264431,2.41481941420689
"616","2022",2022-08-03,31,"52","West","52_West",7.24471294298127,0.464,15.6136054805631,2.81022196693071,10.1877498264431,2.41481941420689
"617","2022",2022-08-03,31,"55","East","55_East",0,0.464,0,0,0,0
"618","2022",2022-08-03,31,"55","North","55_North",0,0.464,0,0,0,0
"619","2022",2022-08-03,31,"55","South","55_South",0,0.464,0,0,0,0
"620","2022",2022-08-03,31,"55","West","55_West",0,0.464,0,0,0,0
"621","2022",2022-08-03,31,"6","East","6_East",0,0.464,0,0,0,0
"622","2022",2022-08-03,31,"6","North","6_North",0,0.464,0,0,0,0
"623","2022",2022-08-03,31,"6","South","6_South",0,0.464,0,0,0,0
"624","2022",2022-08-03,31,"6","West","6_West",0,0.464,0,0,0,0
"625","2022",2022-08-03,31,"8","East","8_East",0,0.464,0,0,0,0
"626","2022",2022-08-03,31,"8","East(2)","8_East(2)",0,0.464,0,0,0,0
"627","2022",2022-08-03,31,"8","East(3)","8_East(3)",0,0.464,0,0,0,0
"628","2022",2022-08-03,31,"8","West","8_West",0,0.464,0,0,0,0
"629","2022",2022-08-03,31,"8","West(2)","8_West(2)",0,0.464,0,0,0,0
"630","2022",2022-08-03,31,"8","West(3)","8_West(3)",0,0.464,0,0,0,0
