"","Date","Pond","Pond_Section","Number_FS_Tran","FS_Density_Tran","log_FS_Density_Tran","FS_Biomass_Tran_m3","log_FS_Biomass_Tran_m3","Biomass_Per_FS_Tran","FS_Biomass_Max_Tran","FS_Biomass_Mode_Tran"
"1",2021-06-18,"11","East",1,15.3846153846154,2.79634280824789,7.08163391638313,2.08959406946398,0.460306204564903,0.460306204564903,0.5
"2",2021-06-18,"11","East(2)",16,34.4827586206897,3.56904690584758,19.4897885103985,3.01992664059669,0.565203866801558,1.07072371260305,0.5
"3",2021-06-18,"11","North",5,21.551724137931,3.11581152147072,13.971386531763,2.70614081483476,0.648272335073803,0.805597502135486,0.7
"4",2021-06-18,"11","North(2)",2,30.7692307692308,3.4584982354995,26.5429752450096,3.31574752105316,0.862646695462811,0.930936104904535,0.9
"5",2021-06-18,"11","North(3)",2,4.31034482758621,1.66965677242715,3.26211468647684,1.44976544238919,0.756810607262627,1.07512826167179,1.1
"6",2021-06-18,"11","South",2,15.3846153846154,2.79634280824789,11.5545902567112,2.53008635621169,0.751048366686227,0.963836166764687,0.5
"7",2021-06-18,"11","West",4,20.5128205128205,3.06864906033756,11.2187874208687,2.50297471975844,0.546915886767348,0.652746943250649,0.7
"8",2021-06-18,"13","East",59,254.310344827586,5.54247984370691,143.874843169711,4.97587021913792,0.565745146023269,1.25471864590227,0.5
"9",2021-06-18,"13","North",192,662.068965517241,6.49687900516411,395.248370881415,5.98204121384276,0.596989726852137,1.71686093862835,0.6
"10",2021-06-18,"13","South",70,269.230769230769,5.59927629480429,186.60660254218,5.23434723074054,0.69311023801381,1.21663215036495,0.8
"11",2021-06-18,"8","East",0,0,0,0,0,0,0,0
"12",2021-06-18,"8","East(2)",9,19.3965517241379,3.01536585343197,11.1104080198246,2.49406524979878,0.572803257910956,1.32787857468076,0.4
"13",2021-06-18,"8","East(3)",0,0,0,0,0,0,0,0
"14",2021-06-18,"8","North",1,2.1551724137931,1.149043142295,2.18614104450326,1.15881048059687,1.01436944464951,1.01436944464951,1
"15",2021-06-18,"8","West",0,0,0,0,0,0,0,0
"16",2021-06-18,"8","West(2)",1,2.1551724137931,1.149043142295,0.9277223865557,0.65633919544507,0.430463187361845,0.430463187361845,0.4
"17",2021-06-18,"8","West(3)",0,0,0,0,0,0,0,0
"18",2021-06-21,"10","East",1,2.1551724137931,1.149043142295,1.25966978186372,0.81521868838888,0.584486778784767,0.584486778784767,0.6
"19",2021-06-21,"10","North",13,37.3563218390805,3.64691936009679,22.1688123716513,3.14280707997268,0.59344205425651,0.813139349976662,0.7
"20",2021-06-21,"10","South",7,17.2413793103448,2.90369260187183,13.1999033150088,2.65323515578184,0.765594392270512,1.06632912392889,0.8
"21",2021-06-21,"10","South(2)",4,8.62068965517241,2.26391595183489,7.38405183728075,2.12633131044134,0.856550013124567,1.20251632507296,0.7
"22",2021-06-21,"10","West",1,2.1551724137931,1.149043142295,2.22312604827359,1.1703517110582,1.03153048639895,1.03153048639895,1
"23",2021-06-21,"15","East",259,1116.37931034483,7.01874132096391,426.498845970324,6.05795158888855,0.382037576313186,0.878812837109446,0.4
"24",2021-06-21,"15","North",124,534.48275862069,6.28316869258272,206.346187020485,5.33438979742509,0.386067059586714,0.761157871517279,0.4
"25",2021-06-21,"15","South",110,316.091954022989,5.75919180759573,135.779986004443,4.91837369334828,0.429558501177693,0.764808153709468,0.4
"26",2021-06-21,"15","West",80,229.885057471264,5.44191999997996,86.9180393776836,4.47640500977487,0.378093471292924,0.714577886618797,0.4
"27",2021-06-21,"6","East",2,4.92610837438424,1.77936773693289,5.22047857765806,1.82784684553689,1.05975715126459,1.06194449147361,1.1
"28",2021-06-21,"6","North",1,2.46305418719212,1.24215091276888,1.4087549222073,0.87910998421391,0.571954498416164,0.571954498416164,0.6
"29",2021-06-21,"6","South",0,0,0,0,0,0,0,0
"30",2021-06-21,"6","West",1,2.1551724137931,1.149043142295,0.939239823531223,0.66229605274389,0.435807278118488,0.435807278118488,0.4
"31",2021-06-22,"51","East",8,17.2413793103448,2.90369260187183,18.8869743243183,2.99006496084785,1.09544451081046,1.42899084731913,1.4
"32",2021-06-22,"51","North",157,338.362068965517,5.82706758746657,293.467785605998,5.68516961037163,0.867318805867407,1.70546824810382,1
"33",2021-06-22,"51","South",14,30.1724137931034,3.4395335304057,28.6317897241758,3.38884776219722,0.948939316572685,1.40332929687405,1.4
"34",2021-06-22,"51","West",6,12.9310344827586,2.63411904797468,9.58529147600085,2.35946544091066,0.741262540810732,1.43415391586825,0.6
"35",2021-06-22,"52","East",25,53.8793103448276,4.00513641673567,16.6648003795323,2.87157398040943,0.309298695044119,0.535253302702295,0.3
"36",2021-06-22,"52","North",40,86.2068965517241,4.46828341668349,35.233438755838,3.58998241499957,0.40870788956772,0.764808153709468,0.2
"37",2021-06-22,"52","North(2)",46,99.1379310344827,4.60654854595821,38.5016536053453,3.67634253445729,0.388364505932179,0.728737657461007,0.2
"38",2021-06-22,"52","South",217,467.672413793103,6.14990404634375,159.737550136828,5.07977291151394,0.341558632550636,0.894674599553853,0.3
"39",2021-06-22,"52","West",618,1331.89655172414,7.19510971155894,559.550509471492,6.32891935347706,0.4201155928718,0.959689215033849,0.4
"40",2021-06-24,"10","East",1,2.1551724137931,1.149043142295,2.28867347300348,1.19048428377544,1.06194449147361,1.06194449147361,1.1
"41",2021-06-24,"10","North",2,5.74712643678161,1.90911670117351,9.25456702864357,2.32772317012046,1.61029466298398,1.86280608810754,1.4
"42",2021-06-24,"10","South",2,4.31034482758621,1.66965677242715,5.15212772169084,1.8167979929909,1.19529363143227,1.57744791288789,1.6
"43",2021-06-24,"10","South(2)",0,0,0,0,0,0,0,0
"44",2021-06-24,"10","West",31,66.8103448275862,4.21671476188539,68.6669308806341,4.2437257558345,1.02778890092304,1.51283344167843,1.1
"45",2021-06-24,"55","East",0,0,0,0,0,0,0,0
"46",2021-06-24,"55","North",0,0,0,0,0,0,0,0
"47",2021-06-24,"55","South",0,0,0,0,0,0,0,0
"48",2021-06-24,"55","West",0,0,0,0,0,0,0,0
"49",2021-06-24,"8","East",6,12.9310344827586,2.63411904797468,16.6975290049688,2.87342502559515,1.29127557638425,1.51283344167843,1.1
"50",2021-06-24,"8","East(2)",1,2.1551724137931,1.149043142295,1.60916571940353,0.959030522498263,0.746652893803237,0.746652893803237,0.7
"51",2021-06-24,"8","East(3)",2,4.31034482758621,1.66965677242715,5.06274438939653,1.80216256710414,1.17455669833999,1.17455669833999,1.2
"52",2021-06-24,"8","North",6,12.9310344827586,2.63411904797468,13.4473450849247,2.67051066653073,1.03992801990085,1.81538958929119,0.7
"53",2021-06-24,"8","South",2,4.31034482758621,1.66965677242715,5.00885862918539,1.79323481856237,1.16205520197101,1.34777423970348,1
"54",2021-06-24,"8","West",3,6.46551724137931,2.01029471745607,10.1371685853548,2.41028803570816,1.56788207453488,1.6491308968345,1.6
"55",2021-06-24,"8","West(2)",2,4.31034482758621,1.66965677242715,5.00712844045559,1.79294683743661,1.1616537981857,1.34278503782061,1.3
"56",2021-06-24,"8","West(3)",24,51.7241379310345,3.96507337594259,55.7780979877774,4.03915065255803,1.07837656109703,1.7977819330218,1.6
"57",2021-06-25,"11","East",86,185.344827586207,5.22759886909362,333.540349677667,5.81275749913252,1.79956653779578,3.33726682262736,1.9
"58",2021-06-25,"11","North",59,127.155172413793,4.85324181417887,220.129876803229,5.39875020674542,1.73119089553726,2.71435925006468,1.5
"59",2021-06-25,"11","North(2)",18,276.923076923077,5.6273443736861,612.397143890214,6.41901259547468,2.21143413071466,3.23121218521834,2.3
"60",2021-06-25,"11","North(3)",14,30.1724137931034,3.4395335304057,72.25534486992,4.29395121274262,2.39474857283163,3.538030418386,2.3
"61",2021-06-25,"11","South",34,73.2758620689655,4.30778602772986,155.666491581203,5.05411928846858,2.12438976746113,3.22313224911883,1.9
"62",2021-06-25,"13","East",292,2246.15384615385,7.71741973719973,3908.96654312289,8.27128409619674,1.74029332399307,3.19092392423953,1.7
"63",2021-06-25,"13","North",37,385.416666666667,5.95691623460346,721.837834495666,6.58318490169744,1.87287654355632,2.92432674240765,1.8
"64",2021-06-25,"13","South",26,325,5.78689738136671,617.095545398917,6.42664304971306,1.89875552430436,3.44521161989248,2.1
"65",2021-06-25,"15","East",46,198.275862068965,5.2946901063313,148.162547518572,5.00503663426488,0.74725458748497,1.42383803663123,0.6
"66",2021-06-25,"15","North",15,64.6551724137931,4.18441638536484,48.1853598550178,3.89559601529493,0.745266899090942,1.15153355391689,0.5
"67",2021-06-25,"15","South",114,393.103448275862,5.97661343391112,328.564205217175,5.79777119146179,0.835821223798078,1.42899084731913,0.6
"68",2021-06-25,"15","West",32,110.344827586207,4.7126319407718,83.895908109241,4.44142589556265,0.760306667239997,1.16993197598375,0.8
"69",2021-06-25,"6","East",0,0,0,0,0,0,0,0
"70",2021-06-25,"6","North",1,2.1551724137931,1.149043142295,3.03543343521086,1.39511371484037,1.40844111393784,1.40844111393784,1.4
"71",2021-06-25,"6","South",0,0,0,0,0,0,0,0
"72",2021-06-25,"6","West",2,4.31034482758621,1.66965677242715,4.12724641834415,1.63456875451847,0.957521169055844,1.04017052591239,0.9
"73",2021-06-29,"10","East",7,15.0862068965517,2.77796219030092,23.4529325540809,3.19675014959076,1.55459438644194,1.98430205973703,1.3
"74",2021-06-29,"10","North",5,10.7758620689655,2.46605184902437,22.7430815879007,3.16729118648203,2.11055797135719,2.56964288714977,2
"75",2021-06-29,"10","South",3,6.46551724137931,2.01029471745607,13.0728937828389,2.64425052040113,2.02194090507908,2.3607282301596,2.1
"76",2021-06-29,"10","South(2)",16,34.4827586206897,3.56904690584758,58.8680526769873,4.09214301855205,1.70717352763263,2.3811810335687,1.9
"77",2021-06-29,"10","West",13,28.0172413793103,3.36789018364439,45.1062762750969,3.83094908553177,1.609947091665,2.54122313280482,2
"78",2021-06-29,"51","East",229,522.83105022831,6.26116920910308,806.956558404364,6.69450829272471,1.54343656148957,4.19801210292144,1.5
"79",2021-06-29,"51","North",396,853.448275862069,6.75045596925727,1289.50028691433,7.16278524148668,1.51092962911175,3.20700580847464,1.6
"80",2021-06-29,"51","South",68,155.251141552511,5.0514645945259,237.93415241393,5.47618800105843,1.53257586407796,2.74382740735939,1.7
"81",2021-06-29,"51","West",788,1799.08675799087,7.49559014160654,2871.78770807291,7.96303816417566,1.59624748240601,2.92432674240765,1.7
"82",2021-06-29,"8","East",5,10.7758620689655,2.46605184902437,22.9399963960371,3.17555054958834,2.12883166555225,2.89380323325705,1.2
"83",2021-06-29,"8","East(2)",11,23.7068965517241,3.20708241728175,52.3043183510765,3.97601734760989,2.20629124680905,3.56358075716153,2.2
"84",2021-06-29,"8","East(3)",5,10.7758620689655,2.46605184902437,20.8256553825999,3.08308613025991,1.93262081950527,2.16153024784697,2.2
"85",2021-06-29,"8","North",9,19.3965517241379,3.01536585343197,30.9313846873789,3.46358937213087,1.59468472166042,2.0091095237947,1.2
"86",2021-06-29,"8","South",6,12.9310344827586,2.63411904797468,25.4321169330537,3.27457982124879,1.96675037615616,2.74382740735939,1.7
"87",2021-06-29,"8","West",68,146.551724137931,4.99417878643034,217.448545211497,5.38655049578038,1.4837665437961,2.60541263455846,1.6
"88",2021-06-29,"8","West(2)",8,17.2413793103448,2.90369260187183,26.0571769327796,3.2979522910911,1.51131626210122,1.71115936933285,1.6
"89",2021-06-29,"8","West(3)",14,30.1724137931034,3.4395335304057,48.3665620065998,3.89927331254802,1.60300605507588,2.52707853566458,1.6
"90",2021-06-30,"11","East",26,56.0344827586207,4.04365604559716,126.912396207912,4.85134562498217,2.26489814771044,4.32989369343666,2.2
"91",2021-06-30,"11","North",3,17.2413793103448,2.90369260187183,37.73141043762,3.65665091004973,2.18842180538196,2.45700735866406,2.5
"92",2021-06-30,"11","North(2)",5,76.9230769230769,4.35572214678715,289.146308512377,5.67038530786872,3.7589020106609,4.04088632740492,3.9
"93",2021-06-30,"11","North(3)",16,34.4827586206897,3.56904690584758,98.2093103224278,4.59723186394354,2.84806999935041,4.24485469609532,2.2
"94",2021-06-30,"11","South",22,169.230769230769,5.13715498258951,484.576224177749,6.18533627680393,2.86340496105033,3.78044808467117,2.6
"95",2021-06-30,"13","East",520,4406.77966101695,8.39112636342572,8112.90280563246,9.00133426509377,1.84100486743198,3.22313224911883,1.6
"96",2021-06-30,"13","North",237,2078.94736842105,7.6400978687315,3575.8180294978,8.18222886558527,1.7200137357078,3.51258134062025,1.4
"97",2021-06-30,"13","South",46,575,6.35610766069589,1158.95457074324,7.05613612018113,2.01557316650998,3.37856002766398,1.8
"98",2021-06-30,"15","East",257,1107.75862068966,7.01099630873643,1287.0502484363,7.16088491866442,1.16185080792693,2.21370449970601,1.1
"99",2021-06-30,"15","North",437,1883.62068965517,7.54148185398639,2256.36721601032,7.72195446451819,1.19788831605125,2.3811810335687,1.2
"100",2021-06-30,"15","South",307,1401.82648401826,7.24624439748492,1728.37432946213,7.4555149628069,1.23294455424172,2.45700735866406,1.2
"101",2021-06-30,"15","West",44,151.724137931035,5.02863327393672,180.448948966091,5.20097434122616,1.1893226181856,2.18101525301567,1.2
"102",2021-06-30,"52","East",7,15.0862068965517,2.77796219030092,12.9843563166956,2.63793929890146,0.860677332992393,1.41356317372503,0.6
"103",2021-06-30,"52","North",1518,3271.55172413793,8.09332530335447,3458.25038418555,8.14880719260985,1.0570673111081,2.2202745140324,1
"104",2021-06-30,"52","North(2)",14,159.090909090909,5.07574183569784,139.573798501476,4.94573260711329,0.877321019152136,1.27400471255863,0.9
"105",2021-06-30,"52","South",8,90.9090909090909,4.5207999462221,108.310662452192,4.69419394259469,1.19141728697411,1.53420620153866,1.5
"106",2021-06-30,"52","West",49,105.603448275862,4.66911585901215,110.321439218016,4.71242186523039,1.04467648565632,1.82127982589734,1.2
"107",2021-06-30,"55","East",0,0,0,0,0,0,0,0
"108",2021-06-30,"55","North",1,2.1551724137931,1.149043142295,2.46205725533228,1.24186299484149,1.14239456647418,1.14239456647418,1.1
"109",2021-06-30,"55","South",1,2.1551724137931,1.149043142295,1.91104348459196,1.06851160267732,0.886724176850669,0.886724176850669,0.9
"110",2021-06-30,"55","West",1,2.1551724137931,1.149043142295,1.54763681085169,0.93516618863807,0.718103480235182,0.718103480235182,0.7
"111",2021-06-30,"6","East",1,2.1551724137931,1.149043142295,5.41589962404304,1.85877922581014,2.51297742555597,2.51297742555597,2.5
"112",2021-06-30,"6","North",0,0,0,0,0,0,0,0
"113",2021-06-30,"6","South",0,0,0,0,0,0,0,0
"114",2021-06-30,"6","West",8,17.2413793103448,2.90369260187183,14.7755939655761,2.7584640600529,0.856984450003412,1.38805526403527,0.6
"115",2021-07-06,"10","East",4,8.62068965517241,2.26391595183489,19.9523822473874,3.04225235099601,2.31447634069694,2.90904293002054,1.4
"116",2021-07-06,"10","North",21,45.2586206896552,3.8342478398792,122.415724505847,4.81555853046697,2.70480457955775,3.56358075716153,3
"117",2021-07-06,"10","South",7,15.0862068965517,2.77796219030092,37.866750383188,3.66013913918734,2.51002459682846,3.50412080427341,2.4
"118",2021-07-06,"10","South(2)",8,17.2413793103448,2.90369260187183,46.8789461649364,3.86867587052559,2.71897887756631,4.18867794211458,2.3
"119",2021-07-06,"10","West",11,23.7068965517241,3.20708241728175,66.9661575302527,4.21900989791199,2.82475428127611,4.07756009841649,2.7
"120",2021-07-06,"11","East",21,45.2586206896552,3.8342478398792,145.541455143181,4.98730835868921,3.215773104116,5.2528665823213,3.2
"121",2021-07-06,"11","North",3,12.9310344827586,2.63411904797468,36.8103409932559,3.63258263646191,2.84666637014513,3.11118204869395,2.7
"122",2021-07-06,"11","North(2)",1,15.3846153846154,2.79634280824789,63.5832809813812,4.16795556895415,4.13291326378978,4.13291326378978,4.1
"123",2021-07-06,"11","North(3)",31,66.8103448275862,4.21671476188539,203.805773694837,5.32206208463729,3.05051222562595,5.43421217114688,3.1
"124",2021-07-06,"11","South",8,61.5384615384615,4.13578175208627,180.138428911707,5.19926153957203,2.92724946981524,3.61498551482097,2.4
"125",2021-07-06,"13","East",116,1054.54545454545,6.96181293082864,2440.44809005437,7.8003466217784,2.31421801643087,4.17004395755635,1.9
"126",2021-07-06,"13","North",39,406.25,6.00942724748215,972.31389344626,6.88070663390805,2.39338804540618,3.54653594308079,2.6
"127",2021-07-06,"13","South",100,1785.71428571429,7.48813361749359,4535.28475101518,8.41986361923427,2.5397594605685,3.84243779681593,2.2
"128",2021-07-06,"15","East",319,1375,7.22693601849329,2104.05450075039,7.65209663687413,1.53022145509119,2.50594317038966,1.6
"129",2021-07-06,"15","North",78,336.206896551724,5.8206966783258,525.293353083786,6.26585876276029,1.56241099891588,2.36753503052783,1.7
"130",2021-07-06,"15","South",70,301.724137931034,5.71282195493973,435.746020497738,6.07935183734756,1.4441868107925,2.20059664578542,1.3
"131",2021-07-06,"15","West",590,2034.48275862069,7.61848829756606,2996.12146753858,8.00540759620459,1.4726698738749,2.9936504601078,1.4
"132",2021-07-06,"6","East",2,4.31034482758621,1.66965677242715,6.4510747134209,2.00835827882247,1.49664933351365,1.61031428717407,1.6
"133",2021-07-06,"6","North",1,2.1551724137931,1.149043142295,4.23665484301563,1.65568290573862,1.96580784715925,1.96580784715925,2
"134",2021-07-06,"6","South",1,2.1551724137931,1.149043142295,5.88161942684267,1.92885400605583,2.729071414055,2.729071414055,2.7
"135",2021-07-06,"6","West",0,0,0,0,0,0,0,0
"136",2021-07-06,"8","East",1,2.1551724137931,1.149043142295,2.5916300109331,1.27860614149694,1.20251632507296,1.20251632507296,1.2
"137",2021-07-06,"8","East(2)",4,8.62068965517241,2.26391595183489,19.0535298596351,2.99840519110672,2.21020946371767,2.79581888735781,2.5
"138",2021-07-06,"8","East(3)",3,6.46551724137931,2.01029471745607,17.9566604839979,2.94215534650308,2.777296821525,3.12704149415831,2.7
"139",2021-07-06,"8","North",0,0,0,0,0,0,0,0
"140",2021-07-06,"8","South",1,2.1551724137931,1.149043142295,3.21471069904744,1.43858095304783,1.49162576435801,1.49162576435801,1.5
"141",2021-07-06,"8","West",17,36.6379310344828,3.62801234600352,90.0961388784729,4.51191542003591,2.45909461409479,3.47039103304056,2.1
"142",2021-07-06,"8","West(2)",4,8.62068965517241,2.26391595183489,17.532906146178,2.91954786265613,2.03381711295665,2.25328558887627,2.3
"143",2021-07-06,"8","West(3)",3,6.46551724137931,2.01029471745607,15.3242766041938,2.79265336203329,2.37015478144865,2.75862725408109,2
"144",2021-07-07,"51","East",241,3012.5,8.0108574729231,5991.79831032454,8.69831374568272,1.98897869222391,3.98621775933628,1.9
"145",2021-07-07,"51","North",851,13725.8064516129,9.52710587532075,26676.1931413256,10.1915642898972,1.94350643332807,3.74527465622422,1.9
"146",2021-07-07,"51","South",124,2000,7.60140233458373,4210.52386571543,8.34557982453633,2.10526193285771,4.19801210292144,1.9
"147",2021-07-07,"51","West",64,800,6.68586094706836,1841.75187138004,7.51901531560546,2.30218983922504,3.90498347742998,2.3
"148",2021-07-07,"52","East",39,157.258064516129,5.06422702033329,244.546923416454,5.50348806305002,1.55506761557129,2.34714701587868,1.5
"149",2021-07-07,"52","North",721,1553.87931034483,7.34915320767506,2338.22807259515,7.75757627042187,1.50476813548426,2.89380323325705,1.4
"150",2021-07-07,"52","North(2)",398,857.758620689655,6.75548788213497,1231.17278196547,7.11653437936188,1.43533711264316,3.10326898445948,1.7
"151",2021-07-07,"52","South",11,122.222222222222,4.81398941001415,190.683353833993,5.25584481182114,1.56013653136903,2.82576989437941,1.4
"152",2021-07-07,"52","West",61,131.465517241379,4.88632236432122,175.840408313385,5.17524767789784,1.33754015503952,2.45005991593371,1.2
"153",2021-07-07,"55","East",2,4.31034482758621,1.66965677242715,8.54327747818544,2.25583697763248,1.98204037493902,2.3811810335687,1.6
"154",2021-07-07,"55","North",0,0,0,0,0,0,0,0
"155",2021-07-07,"55","South",1,2.1551724137931,1.149043142295,2.65266981554872,1.29545835652533,1.2308387944146,1.2308387944146,1.2
"156",2021-07-07,"55","West",0,0,0,0,0,0,0,0
"157",2021-07-13,"10","East",6,12.9310344827586,2.63411904797468,50.8159353762148,3.94769773470165,3.92976566909394,5.27402542248578,4.4
"158",2021-07-13,"10","North",15,32.3275862068965,3.50638546866191,72.1150611022173,4.29203437976366,2.23075922342859,3.86025121964574,2.2
"159",2021-07-13,"10","South",10,21.551724137931,3.11581152147072,46.0847548382834,3.85194927215827,2.13833262449635,2.62700532621698,2.5
"160",2021-07-13,"10","South(2)",3,6.46551724137931,2.01029471745607,17.9109724936337,2.93974230882732,2.77023041234868,4.60041723327371,4.6
"161",2021-07-13,"10","West",3,6.46551724137931,2.01029471745607,18.6723117438348,2.97921215187224,2.88798421637979,3.68415674565837,2.8
"162",2021-07-13,"11","East",12,25.8620689655172,3.29071521588427,97.5240722316444,4.59030090645865,3.77093079295692,4.62008638069783,3.5
"163",2021-07-13,"11","North",24,184.615384615385,5.2236767081635,584.679261537888,6.37277230447481,3.16701266666356,5.96462159572369,3
"164",2021-07-13,"11","North(2)",6,101.694915254237,4.63176260503927,404.612809142514,6.00539903250443,3.97869262323472,5.21068944868775,3.9
"165",2021-07-13,"11","North(3)",2,4.31034482758621,1.66965677242715,18.0397341929717,2.9465280688126,4.18521833276943,4.3203990090161,4.3
"166",2021-07-13,"11","South",2,20.8333333333333,3.0834378539731,69.0881066362077,4.24975311682461,3.31622911853797,3.89601430654052,3.9
"167",2021-07-13,"13","East",0,0,0,0,0,0,0,0
"168",2021-07-13,"13","North",0,0,0,0,0,0,0,0
"169",2021-07-13,"15","East",221,1088.66995073892,6.99363013188354,2316.50066546046,7.7482445845858,2.12782640311526,4.00439503167021,2.2
"170",2021-07-13,"15","North",221,1088.66995073892,6.99363013188354,2441.27297461419,7.80068443163966,2.24243626174968,3.86917495720681,1.9
"171",2021-07-13,"15","South",190,1091.95402298851,6.99663942232244,2285.450992287,7.73475610936174,2.09299196135757,3.74527465622422,2.2
"172",2021-07-13,"15","West",510,6800,8.82482493917564,14147.5392969761,9.55736666784713,2.08052048484942,3.81580275314724,1.9
"173",2021-07-13,"6","East",1,2.1551724137931,1.149043142295,3.84934483905992,1.57884361109472,1.7860960053238,1.7860960053238,1.8
"174",2021-07-13,"6","North",0,0,0,0,0,0,0,0
"175",2021-07-13,"6","South",1,2.1551724137931,1.149043142295,4.98573869153675,1.78937975520951,2.31338275287305,2.31338275287305,2.3
"176",2021-07-13,"6","West",1,2.1551724137931,1.149043142295,2.12223884544769,1.13855032315405,0.984718824287727,0.984718824287727,1
"177",2021-07-13,"8","East",13,32.0197044334975,3.49710448731617,61.94652247941,4.14228551638159,1.93463754820311,3.19092392423953,1.7
"178",2021-07-13,"8","East(2)",5,10.7758620689655,2.46605184902437,23.1141471597572,3.18279868734537,2.14499285642546,3.78926975380576,1.7
"179",2021-07-13,"8","East(3)",2,4.31034482758621,1.66965677242715,8.38247492747265,2.23884357975836,1.94473418317365,1.99668456426769,1.9
"180",2021-07-13,"8","North",1,13.5135135135135,2.67508018186464,35.5976312930341,3.59998351954341,2.63422471568452,2.63422471568452,2.6
"181",2021-07-13,"8","South",1,2.1551724137931,1.149043142295,3.92517203857185,1.59435920570367,1.82127982589734,1.82127982589734,1.8
"182",2021-07-13,"8","West",11,23.7068965517241,3.20708241728175,29.0254196833212,3.40204434566424,1.22434497573282,1.68845753731347,1.1
"183",2021-07-13,"8","West(2)",12,25.8620689655172,3.29071521588427,56.9326910641067,4.05928183775144,2.20139738781213,3.597805521076,2.8
"184",2021-07-13,"8","West(3)",0,0,0,0,0,0,0,0
"185",2021-07-14,"51","East",0,0,0,0,0,0,0,0
"186",2021-07-14,"51","North",0,0,0,0,0,0,0,0
"187",2021-07-14,"51","South",0,0,0,0,0,0,0,0
"188",2021-07-14,"51","West",9,32.1428571428571,3.500827222611,82.9296018843861,4.42997837465904,2.58003205862535,3.63221061230469,2.6
"189",2021-07-14,"52","East",197,289.705882352941,5.67231204249234,605.291803583619,6.40736139423918,2.0893321138927,3.32904174609199,2
"190",2021-07-14,"52","North",268,660.098522167488,6.49390287892255,1402.43690739363,7.24667944102849,2.12458725523065,4.03174640299449,2
"191",2021-07-14,"52","North(2)",218,1676.92307692308,7.42531204385663,3424.85035275875,8.13910499805814,2.04234195347999,3.71028229516039,1.8
"192",2021-07-14,"52","South",1000,21739.1304347826,9.98691516041721,34312.8938932176,10.4433056209085,1.57839311908801,3.63221061230469,1.6
"193",2021-07-14,"52","West",890,1918.10344827586,7.55961340194186,3868.14501995815,8.26078883654087,2.01665088680964,4.16074412860286,1.9
"194",2021-07-14,"55","East",1,2.1551724137931,1.149043142295,13.7001185273812,2.68785555683934,6.35685499670489,6.35685499670489,6.4
"195",2021-07-14,"55","North",4,8.62068965517241,2.26391595183489,35.7189518407364,3.60329302070263,4.14339841352542,4.83950364903489,4.8
"196",2021-07-14,"55","South",3,6.46551724137931,2.01029471745607,28.5530689594676,3.38618759495576,4.41620799906432,5.76252786324132,5.8
"197",2021-07-14,"55","West",1,2.1551724137931,1.149043142295,6.31893361924369,1.99046463692961,2.93198519932907,2.93198519932907,2.9
"198",2021-07-19,"10","East",0,0,0,0,0,0,0,0
"199",2021-07-19,"10","North",8,22.9885057471264,3.17757478842262,70.7055053507793,4.2725675277929,3.0756894827589,4.47369363211293,2
"200",2021-07-19,"10","South",3,6.46551724137931,2.01029471745607,20.7833753561576,3.08114708052762,3.21449538841905,3.65813287586025,3.7
"201",2021-07-19,"10","South(2)",0,0,0,0,0,0,0,0
"202",2021-07-19,"10","West",6,12.9310344827586,2.63411904797468,35.4510336726251,3.59596981669798,2.74154660401634,3.23121218521834,3.2
"203",2021-07-19,"11","East",0,0,0,0,0,0,0,0
"204",2021-07-19,"11","North",36,276.923076923077,5.6273443736861,1158.16842167392,7.05545814915329,4.18227485604469,6.10148590083,4.2
"205",2021-07-19,"11","North(2)",1,25,3.25809653802148,180.51382885212,5.20133184282514,7.22055315408478,7.22055315408478,7.2
"206",2021-07-19,"11","North(3)",27,71.6180371352785,4.28521333636282,271.414985890426,5.60732658704416,3.78975739558113,5.20017443180824,3.4
"207",2021-07-19,"11","South",0,0,0,0,0,0,0,0
"208",2021-07-19,"13","East",0,0,0,0,0,0,0,0
"209",2021-07-19,"13","North",0,0,0,0,0,0,0,0
"210",2021-07-19,"15","East",282,7621.62162162162,8.93887563434307,15474.8410364689,9.64703544415153,2.03038694450124,3.60638988134912,1.9
"211",2021-07-19,"15","North",622,13822.2222222222,9.53410522660094,27071.5545838797,10.2062757477118,1.95855298436428,3.56358075716153,1.7
"212",2021-07-19,"15","South",169,4970.58823529412,8.51149463248633,9872.80138053307,9.19764020321575,1.98624406472263,3.51258134062025,1.8
"213",2021-07-19,"15","West",198,5351.35135135135,8.58529124826154,11857.5296182018,9.38080268663659,2.21580098925993,3.76283872622131,2.1
"214",2021-07-19,"6","East",0,0,0,0,0,0,0,0
"215",2021-07-19,"6","North",0,0,0,0,0,0,0,0
"216",2021-07-19,"6","South",0,0,0,0,0,0,0,0
"217",2021-07-19,"6","West",0,0,0,0,0,0,0,0
"218",2021-07-19,"8","East",0,0,0,0,0,0,0,0
"219",2021-07-19,"8","East(2)",0,0,0,0,0,0,0,0
"220",2021-07-19,"8","East(3)",0,0,0,0,0,0,0,0
"221",2021-07-19,"8","South",0,0,0,0,0,0,0,0
"222",2021-07-19,"8","West",3,6.46551724137931,2.01029471745607,9.1069792187832,2.31322619696923,1.4085461191718,1.76864580870343,1.2
"223",2021-07-19,"8","West(2)",1,2.1551724137931,1.149043142295,3.93788917503975,1.5969379473823,1.82718057721844,1.82718057721844,1.8
"224",2021-07-19,"8","West(3)",0,0,0,0,0,0,0,0
"225",2021-07-20,"51","North",2,166.666666666667,5.12197788143163,317.790117532122,5.76453294747737,1.90674070519273,2.0909084508511,2.1
"226",2021-07-20,"51","South",0,0,0,0,0,0,0,0
"227",2021-07-20,"52","East",182,1400,7.24494154633701,2560.36036231922,7.84829378786607,1.82882883022801,3.05602363623618,1.7
"228",2021-07-20,"52","North",571,1514.58885941645,7.32355932850806,2940.98930566947,7.98684126610021,1.94177402493413,3.68415674565837,1.8
"229",2021-07-20,"52","North(2)",343,2638.46153846154,7.87833021263318,5205.67371752776,8.55769648892332,1.97299586961694,3.58923243126287,1.7
"230",2021-07-20,"52","South",110,4583.33333333333,8.4303999724466,9245.62309684518,9.13201369324064,2.01722685749349,3.538030418386,1.7
"231",2021-07-20,"52","West",131,347.480106100796,5.85358114421194,636.222519582751,6.45711891887836,1.83096099147097,3.03255064155047,1.8
"232",2021-07-20,"55","East",3,6.46551724137931,2.01029471745607,35.0177685072898,3.58401238633762,5.41608152912749,7.0703138988194,5.8
"233",2021-07-20,"55","North",0,0,0,0,0,0,0,0
"234",2021-07-20,"55","South",2,4.31034482758621,1.66965677242715,21.8635118696491,3.12954227166155,5.0723347537586,6.0671094091007,6.1
"235",2021-07-20,"55","West",1,2.1551724137931,1.149043142295,13.9288555558327,2.70329595461656,6.46298897790638,6.46298897790638,6.5
"236",2021-07-29,"10","East",1,2.29885057471264,1.19357409710504,6.15579410287842,1.9679223925772,2.67777043475211,2.67777043475211,2.7
"237",2021-07-29,"10","North",1,2.8735632183908,1.35417481169778,5.57844033854862,1.88379768662532,1.94129723781492,1.94129723781492,1.9
"238",2021-07-29,"10","South",0,0,0,0,0,0,0,0
"239",2021-07-29,"10","South(2)",0,0,0,0,0,0,0,0
"240",2021-07-29,"10","West",1,2.8735632183908,1.35417481169778,11.2987333066991,2.50949627388004,3.93195919073128,3.93195919073128,3.9
"241",2021-07-29,"11","East",5,15.6739811912226,2.81384949195747,65.2491970834363,4.19342334529759,4.16289877392323,6.28663658465931,3.9
"242",2021-07-29,"11","North",3,23.0769230769231,3.18125383307862,128.52479063653,4.86387229630526,5.56940759424962,6.25168846893931,4.4
"243",2021-07-29,"11","North(2)",1,23.8095238095238,3.21122760402994,88.1324399139908,4.49012335254625,3.70156247638762,3.70156247638762,3.7
"244",2021-07-29,"11","North(3)",2,4.59770114942529,1.72235600442801,18.8938594515478,2.99041111383886,4.10941443071164,4.68929271650723,3.5
"245",2021-07-29,"11","South",0,0,0,0,0,0,0,0
"246",2021-07-29,"13","East",0,0,0,0,0,0,0,0
"247",2021-07-29,"13","North",0,0,0,0,0,0,0,0
"248",2021-07-29,"15","North",108,5400,8.59433940059289,12261.0425441684,9.41426379791117,2.27056343410526,3.94999986005338,2.1
"249",2021-07-29,"15","South",711,35550,10.478723564231,74957.8844303557,11.2246950346025,2.10851995584685,4.47369363211293,2
"250",2021-07-29,"51","North",0,0,0,0,0,0,0,0
"251",2021-07-29,"51","South",0,0,0,0,0,0,0,0
"252",2021-07-29,"52","East",301,2315.38461538462,7.7477628937239,5618.44329400566,8.63398787997506,2.42657019342437,4.13291326378978,2.5
"253",2021-07-29,"52","North",134,330.049261083744,5.80226718933013,766.289035009148,6.64286356872461,2.32174140457995,4.17004395755635,2.4
"254",2021-07-29,"52","North(2)",31,238.461538461538,5.47839281298007,669.823095536794,6.50850545919654,2.80893556192849,4.46402639919613,2.4
"255",2021-07-29,"52","South",0,0,0,0,0,0,0,0
"256",2021-07-29,"52","West",141,364.341085271318,5.90083139742309,901.04195116845,6.80466102803704,2.47307258937723,4.00439503167021,2.1
"257",2021-07-29,"55","East",0,0,0,0,0,0,0,0
"258",2021-07-29,"55","North",9,19.3965517241379,3.01536585343197,93.7103630195076,4.55082342418925,4.8312898267835,6.07855634942661,4.4
"259",2021-07-29,"55","South",0,0,0,0,0,0,0,0
"260",2021-07-29,"55","West",1,2.1551724137931,1.149043142295,8.64978611586839,2.26693575094655,4.01350075776293,4.01350075776293,4
"261",2021-07-29,"6","East",0,0,0,0,0,0,0,0
"262",2021-07-29,"6","North",0,0,0,0,0,0,0,0
"263",2021-07-29,"6","South",0,0,0,0,0,0,0,0
"264",2021-07-29,"6","West",0,0,0,0,0,0,0,0
"265",2021-07-29,"8","East",0,0,0,0,0,0,0,0
"266",2021-07-29,"8","East(2)",0,0,0,0,0,0,0,0
"267",2021-07-29,"8","East(3)",0,0,0,0,0,0,0,0
"268",2021-07-29,"8","West",0,0,0,0,0,0,0,0
"269",2021-07-29,"8","West(2)",0,0,0,0,0,0,0,0
"270",2021-07-29,"8","West(3)",0,0,0,0,0,0,0,0
"271",2021-08-04,"10","East",0,0,0,0,0,0,0,0
"272",2021-08-04,"10","North",0,0,0,0,0,0,0,0
"273",2021-08-04,"10","South",0,0,0,0,0,0,0,0
"274",2021-08-04,"10","South(2)",0,0,0,0,0,0,0,0
"275",2021-08-04,"10","West",0,0,0,0,0,0,0,0
"276",2021-08-04,"11","East",3,6.46551724137931,2.01029471745607,30.2463822464629,3.44190360136758,4.67810712078626,6.42750338824988,6.4
"277",2021-08-04,"11","North",2,15.3846153846154,2.79634280824789,83.0982877478247,4.43198620705493,5.4013887036086,6.64203327861434,6.6
"278",2021-08-04,"11","North(2)",1,15.3846153846154,2.79634280824789,120.802353057162,4.80239967411351,7.85215294871554,7.85215294871554,7.9
"279",2021-08-04,"11","North(3)",1,2.1551724137931,1.149043142295,7.95873698446476,2.19262925549555,3.69285396079165,3.69285396079165,3.7
"280",2021-08-04,"11","South",0,0,0,0,0,0,0,0
"281",2021-08-04,"13","East",0,0,0,0,0,0,0,0
"282",2021-08-04,"13","North",0,0,0,0,0,0,0,0
"283",2021-08-04,"15","East",52,400,5.99396142730657,1066.53941643042,6.97311166847771,2.66634854107606,4.3966782168533,2.1
"284",2021-08-04,"15","North",18,138.461538461538,4.93778885329331,395.268508677064,5.98209203369574,2.85471700711213,4.15145573839501,3.2
"285",2021-08-04,"15","South",12,92.3076923076923,4.53590255148251,249.885055305744,5.52499488725297,2.70708809914556,3.56358075716153,2.2
"286",2021-08-04,"15","West",20,153.846153846154,5.04243206817825,408.795964661889,6.01565938866478,2.65717377030228,4.3871030813703,2.3
"287",2021-08-04,"51","North",0,0,0,0,0,0,0,0
"288",2021-08-04,"51","South",0,0,0,0,0,0,0,0
"289",2021-08-04,"52","East",70,538.461538461538,6.29057149107537,1465.85142703424,7.2908734962822,2.7222955073493,4.44472649410095,2.2
"290",2021-08-04,"52","North",51,117.241379310345,4.77272812247645,334.507277446087,5.815643647521,2.85315030762839,4.55144655938356,2.8
"291",2021-08-04,"52","North(2)",42,323.076923076923,5.78098090451748,987.123934116093,6.89580812926976,3.05538360559743,5.07490627813069,2.7
"292",2021-08-04,"52","South",14,250,5.52545293913178,819.515635100611,6.7099329659252,3.27806254040245,4.82940836495483,3
"293",2021-08-04,"52","West",31,66.8103448275862,4.21671476188539,191.723918295687,5.26125868964667,2.86967413190963,4.66946161990691,3.5
"294",2021-08-04,"55","East",0,0,0,0,0,0,0,0
"295",2021-08-04,"55","North",0,0,0,0,0,0,0,0
"296",2021-08-04,"55","South",0,0,0,0,0,0,0,0
"297",2021-08-04,"55","West",0,0,0,0,0,0,0,0
"298",2021-08-04,"6","East",0,0,0,0,0,0,0,0
"299",2021-08-04,"6","North",0,0,0,0,0,0,0,0
"300",2021-08-04,"6","South",0,0,0,0,0,0,0,0
"301",2021-08-04,"6","West",0,0,0,0,0,0,0,0
"302",2021-08-04,"8","East",0,0,0,0,0,0,0,0
"303",2021-08-04,"8","East(2)",0,0,0,0,0,0,0,0
"304",2021-08-04,"8","East(3)",0,0,0,0,0,0,0,0
"305",2021-08-04,"8","West",0,0,0,0,0,0,0,0
"306",2021-08-04,"8","West(2)",0,0,0,0,0,0,0,0
"307",2021-08-04,"8","West(3)",0,0,0,0,0,0,0,0
"308",2022-06-16,"10","East",0,0,0,0,0,0,0,0
"309",2022-06-16,"10","North",0,0,0,0,0,0,0,0
"310",2022-06-16,"10","South",0,0,0,0,0,0,0,0
"311",2022-06-16,"10","South(2)",0,0,0,0,0,0,0,0
"312",2022-06-16,"10","West",0,0,0,0,0,0,0,0
"313",2022-06-16,"11","East",2,4.31034482758621,1.66965677242715,0.955144019104256,0.670463857785045,0.221593412432187,0.238203396674833,0.2
"314",2022-06-16,"11","East(2)",0,0,0,0,0,0,0,0
"315",2022-06-16,"11","North",1,15.3846153846154,2.79634280824789,5.98482503192004,1.94373994327852,0.389013627074803,0.389013627074803,0.4
"316",2022-06-16,"11","North(2)",0,0,0,0,0,0,0,0
"317",2022-06-16,"11","North(3)",0,0,0,0,0,0,0,0
"318",2022-06-16,"11","South",0,0,0,0,0,0,0,0
"319",2022-06-16,"11","West",1,2.8735632183908,1.35417481169778,0.701172738967228,0.531317859678791,0.244008113160595,0.244008113160595,0.2
"320",2022-06-16,"13","East",0,0,0,0,0,0,0,0
"321",2022-06-16,"13","North",0,0,0,0,0,0,0,0
"322",2022-06-16,"13","South",0,0,0,0,0,0,0,0
"323",2022-06-16,"15","East",0,0,0,0,0,0,0,0
"324",2022-06-16,"15","North",0,0,0,0,0,0,0,0
"325",2022-06-16,"15","South",0,0,0,0,0,0,0,0
"326",2022-06-16,"15","West",0,0,0,0,0,0,0,0
"327",2022-06-16,"51","East",1,2.1551724137931,1.149043142295,0.256173858696787,0.228070480995781,0.118864670435309,0.118864670435309,0.1
"328",2022-06-16,"51","North",0,0,0,0,0,0,0,0
"329",2022-06-16,"51","South",2,4.31034482758621,1.66965677242715,0.31832785179248,0.276364154610484,0.0738520616158553,0.106156307583713,0.1
"330",2022-06-16,"51","West",2,4.31034482758621,1.66965677242715,0.223001535381959,0.201308112126945,0.0517363562086146,0.0542215901552948,0.1
"331",2022-06-16,"52","East",0,0,0,0,0,0,0,0
"332",2022-06-16,"52","North",0,0,0,0,0,0,0,0
"333",2022-06-16,"52","North(2)",0,0,0,0,0,0,0,0
"334",2022-06-16,"52","South",0,0,0,0,0,0,0,0
"335",2022-06-16,"52","West",0,0,0,0,0,0,0,0
"336",2022-06-16,"55","East",0,0,0,0,0,0,0,0
"337",2022-06-16,"55","North",0,0,0,0,0,0,0,0
"338",2022-06-16,"55","South",0,0,0,0,0,0,0,0
"339",2022-06-16,"55","West",0,0,0,0,0,0,0,0
"340",2022-06-16,"6","East",0,0,0,0,0,0,0,0
"341",2022-06-16,"6","North",0,0,0,0,0,0,0,0
"342",2022-06-16,"6","South",0,0,0,0,0,0,0,0
"343",2022-06-16,"6","West",0,0,0,0,0,0,0,0
"344",2022-06-16,"8","East",0,0,0,0,0,0,0,0
"345",2022-06-16,"8","East(2)",0,0,0,0,0,0,0,0
"346",2022-06-16,"8","East(3)",0,0,0,0,0,0,0,0
"347",2022-06-16,"8","North",0,0,0,0,0,0,0,0
"348",2022-06-16,"8","South",0,0,0,0,0,0,0,0
"349",2022-06-16,"8","West",0,0,0,0,0,0,0,0
"350",2022-06-16,"8","West(2)",0,0,0,0,0,0,0,0
"351",2022-06-16,"8","West(3)",1,2.1551724137931,1.149043142295,1.40678220528157,0.878290670819016,0.652746943250649,0.652746943250649,0.7
"352",2022-06-21,"10","East",0,0,0,0,0,0,0,0
"353",2022-06-21,"10","North",2,4.31034482758621,1.66965677242715,2.08420967418385,1.12629544112797,0.483536644410653,0.600362862767032,0.4
"354",2022-06-21,"10","South",1,2.1551724137931,1.149043142295,1.02206103386943,0.704117305043532,0.474236319715417,0.474236319715417,0.5
"355",2022-06-21,"10","South(2)",0,0,0,0,0,0,0,0
"356",2022-06-21,"10","West",0,0,0,0,0,0,0,0
"357",2022-06-21,"11","East",3,6.46551724137931,2.01029471745607,3.58895866784343,1.52365312858273,0.555092273959784,0.820719937098197,0.5
"358",2022-06-21,"11","East(2)",3,6.46551724137931,2.01029471745607,4.12252746359042,1.6336479624812,0.637617581035318,0.772137596291944,0.5
"359",2022-06-21,"11","North",53,407.692307692308,6.01296256898941,251.122401751245,5.52991469082215,0.615960608069092,0.988924965748292,0.6
"360",2022-06-21,"11","North(2)",4,61.5384615384615,4.13578175208627,49.2018363777754,3.91605160725919,0.799529841138851,1.31306374408979,1.3
"361",2022-06-21,"11","North(3)",5,10.7758620689655,2.46605184902437,5.61601723670133,1.88949356302352,0.521166399565883,0.794357286021087,0.5
"362",2022-06-21,"11","South",9,19.3965517241379,3.01536585343197,13.5780082588117,2.67951410948556,0.700021759120957,1.02293013726656,0.7
"363",2022-06-21,"11","West",1,4.31034482758621,1.66965677242715,3.94276671345377,1.59792523787501,0.914721877521274,0.914721877521274,0.9
"364",2022-06-21,"13","East",75,576.923076923077,6.35944077490762,379.374653538317,5.94115669737431,0.65758273279975,1.16531730441521,0.5
"365",2022-06-21,"13","North",241,1853.84615384615,7.52555703567017,1190.22072275205,7.08273387775311,0.642027775758366,1.16993197598375,0.6
"366",2022-06-21,"13","South",56,430.769230769231,6.06789125748066,276.216002800967,5.62479699581164,0.641215720787959,1.26434141797702,0.6
"367",2022-06-21,"15","East",229,987.068965517241,6.89575249846684,139.243285961473,4.94337867132445,0.141067433812496,0.29323687995995,0.1
"368",2022-06-21,"15","North",170,732.758620689655,6.59818011988372,125.367792718469,4.83919664480209,0.171090164180498,0.333452568633636,0.2
"369",2022-06-21,"15","South",16,68.9655172413793,4.24800250983934,11.9071121254406,2.55777848699596,0.172653125818889,0.34277720058556,0.1
"370",2022-06-21,"15","West",45,193.965517241379,5.27282270826706,27.2921793614759,3.34258541880712,0.140706346930276,0.247920744004677,0.1
"371",2022-06-21,"51","East",82,176.724137931034,5.18023256122584,57.9299528246043,4.07634949831674,0.327798757446541,0.649402123172597,0.3
"372",2022-06-21,"51","North",3,6.46551724137931,2.01029471745607,2.4417524968893,1.2359807884315,0.377657719518879,0.488395603789076,0.5
"373",2022-06-21,"51","South",60,129.310344827586,4.86991887336301,38.9564606916904,3.68779037857867,0.301263296015739,0.568844800176329,0.3
"374",2022-06-21,"51","West",0,0,0,0,0,0,0,0
"375",2022-06-21,"52","East",3,6.46551724137931,2.01029471745607,0.859132460350342,0.620109959751373,0.13287915386752,0.16807935587482,0.1
"376",2022-06-21,"52","North",0,0,0,0,0,0,0,0
"377",2022-06-21,"52","North(2)",2,4.31034482758621,1.66965677242715,0.799222718810326,0.587354748756616,0.185419670763996,0.212128511030269,0.2
"378",2022-06-21,"52","South",19,40.948275862069,3.7364373322371,6.03159681169146,1.95041382251774,0.147297943190781,0.28046194901276,0.1
"379",2022-06-21,"52","West",0,0,0,0,0,0,0,0
"380",2022-06-21,"55","East",0,0,0,0,0,0,0,0
"381",2022-06-21,"55","North",0,0,0,0,0,0,0,0
"382",2022-06-21,"55","South",0,0,0,0,0,0,0,0
"383",2022-06-21,"55","West",0,0,0,0,0,0,0,0
"384",2022-06-21,"6","East",0,0,0,0,0,0,0,0
"385",2022-06-21,"6","North",0,0,0,0,0,0,0,0
"386",2022-06-21,"6","South",0,0,0,0,0,0,0,0
"387",2022-06-21,"6","West",0,0,0,0,0,0,0,0
"388",2022-06-21,"8","East",0,0,0,0,0,0,0,0
"389",2022-06-21,"8","East(2)",2,4.31034482758621,1.66965677242715,6.12070306933997,1.96300646624267,1.42000311208687,1.56115465854699,1.6
"390",2022-06-21,"8","East(3)",0,0,0,0,0,0,0,0
"391",2022-06-21,"8","North",0,0,0,0,0,0,0,0
"392",2022-06-21,"8","South",0,0,0,0,0,0,0,0
"393",2022-06-21,"8","West",9,19.3965517241379,3.01536585343197,23.3918378089869,3.19424856031106,1.20597919370777,2.12284904743805,0.7
"394",2022-06-21,"8","West(2)",0,0,0,0,0,0,0,0
"395",2022-06-21,"8","West(3)",0,0,0,0,0,0,0,0
"396",2022-06-27,"10","East",0,0,0,0,0,0,0,0
"397",2022-06-27,"10","North",2,4.31034482758621,1.66965677242715,5.01960490006803,1.79502162594897,1.16454833681578,1.52349917149608,0.8
"398",2022-06-27,"10","South",0,0,0,0,0,0,0,0
"399",2022-06-27,"10","South(2)",0,0,0,0,0,0,0,0
"400",2022-06-27,"10","West",2,4.31034482758621,1.66965677242715,5.1911015132307,1.82311302130635,1.20433555106952,1.29345299503486,1.3
"401",2022-06-27,"11","East(2)",14,30.1724137931034,3.4395335304057,42.5822658531623,3.7746503211241,1.41129795399052,1.99048800680885,1.8
"402",2022-06-27,"11","North(2)",1,2.8735632183908,1.35417481169778,2.4689805781423,1.24386076928134,0.85920524119352,0.85920524119352,0.9
"403",2022-06-27,"11","North(3)",2,4.31034482758621,1.66965677242715,9.88004148837251,2.38693005469006,2.29216962530242,2.42928260024173,2.2
"404",2022-06-27,"11","South",4,8.62068965517241,2.26391595183489,12.5902213570796,2.60935051626289,1.46046567742123,2.11004079108799,1.6
"405",2022-06-27,"11","West",4,17.2413793103448,2.90369260187183,36.4306478014226,3.6224898287776,2.11297757248251,2.55541124173104,2.6
"406",2022-06-27,"13","East",233,1792.30769230769,7.49181706641582,1873.84946477189,7.53628364972647,1.04549540952938,2.0909084508511,0.9
"407",2022-06-27,"13","North",149,1146.15384615385,7.04503923730125,1204.0193114447,7.09425087189153,1.0504866475692,1.97196198328431,1
"408",2022-06-27,"13","South",88,800,6.68586094706836,821.298263771896,6.71210318054558,1.02662282971487,1.71115936933285,0.9
"409",2022-06-27,"15","East",186,801.724137931034,6.68801111560983,338.747288826754,5.82820207309287,0.422523500041972,0.935014199116146,0.3
"410",2022-06-27,"15","North",538,2318.96551724138,7.74930760129187,1150.13846916173,7.04850670484112,0.49597049227792,1.27885156562676,0.5
"411",2022-06-27,"15","South",226,974.137931034483,6.88257892871991,376.969105054438,5.93481245961907,0.386977134392166,0.902664140803154,0.4
"412",2022-06-27,"15","West",132,568.965517241379,6.34557586293088,237.781730568913,5.47554987343647,0.417919405242331,0.935014199116146,0.4
"413",2022-06-27,"51","East",13,28.0172413793103,3.36789018364439,36.083410237981,3.61316970620928,1.28790018080178,2.5910720401296,1.3
"414",2022-06-27,"51","North",2,4.31034482758621,1.66965677242715,9.32480097822039,2.33454886294416,2.16335382694713,2.56964288714977,2.6
"415",2022-06-27,"51","South",16,34.4827586206897,3.56904690584758,40.507387462453,3.725871422538,1.17471423641114,2.20714521137189,0.7
"416",2022-06-27,"51","West",19,40.948275862069,3.7364373322371,54.3318526828783,4.01334874058725,1.32684103393977,2.05293160251327,1.2
"417",2022-06-27,"52","East",11,23.7068965517241,3.20708241728175,13.1426322650444,2.64919380050145,0.554380124634599,0.947307441487562,0.5
"418",2022-06-27,"52","North",2,4.31034482758621,1.66965677242715,2.48734207939934,1.24913986422957,0.577063362420647,0.757517209135759,0.8
"419",2022-06-27,"52","North(2)",4,8.62068965517241,2.26391595183489,4.45146576550493,1.69588452031425,0.516370028798572,0.707555368802452,0.5
"420",2022-06-27,"52","South",16,34.4827586206897,3.56904690584758,22.5530112111441,3.15925367688055,0.654037325123178,0.993140987225058,0.7
"421",2022-06-27,"52","West",32,68.9655172413793,4.24800250983934,47.4540043660523,3.88061498437562,0.688083063307758,1.36783305418047,0.7
"422",2022-06-27,"55","East",0,0,0,0,0,0,0,0
"423",2022-06-27,"55","North",1,2.1551724137931,1.149043142295,0.718647777227663,0.541537805596491,0.333452568633636,0.333452568633636,0.3
"424",2022-06-27,"55","South",0,0,0,0,0,0,0,0
"425",2022-06-27,"55","West",0,0,0,0,0,0,0,0
"426",2022-06-27,"6","East",0,0,0,0,0,0,0,0
"427",2022-06-27,"6","North",0,0,0,0,0,0,0,0
"428",2022-06-27,"6","South",0,0,0,0,0,0,0,0
"429",2022-06-27,"6","West",0,0,0,0,0,0,0,0
"430",2022-06-27,"8","East",0,0,0,0,0,0,0,0
"431",2022-06-27,"8","East(2)",0,0,0,0,0,0,0,0
"432",2022-06-27,"8","East(3)",3,6.46551724137931,2.01029471745607,19.0558872941736,2.99852274128364,2.94731056816552,4.17004395755635,1.7
"433",2022-06-27,"8","North",0,0,0,0,0,0,0,0
"434",2022-06-27,"8","South",0,0,0,0,0,0,0,0
"435",2022-06-27,"8","West",2,4.31034482758621,1.66965677242715,11.2616641934615,2.5064776630139,2.61270609288307,3.93195919073128,3.9
"436",2022-06-27,"8","West(2)",0,0,0,0,0,0,0,0
"437",2022-06-27,"8","West(3)",3,6.46551724137931,2.01029471745607,17.9103648814418,2.93971017817124,2.77013643499633,2.93198519932907,2.9
"438",2022-07-05,"10","East",1,2.1551724137931,1.149043142295,3.95062898000586,1.59951463517616,1.83309184672272,1.83309184672272,1.8
"439",2022-07-05,"10","North",0,0,0,0,0,0,0,0
"440",2022-07-05,"10","South",0,0,0,0,0,0,0,0
"441",2022-07-05,"10","South(2)",0,0,0,0,0,0,0,0
"442",2022-07-05,"10","West",1,2.1551724137931,1.149043142295,3.01342180762344,1.38964419605847,1.39822771873728,1.39822771873728,1.4
"443",2022-07-05,"11","East(2)",14,30.1724137931034,3.4395335304057,78.8976796308073,4.38074681143448,2.61489452490676,3.15091399801089,2.7
"444",2022-07-05,"11","North(2)",0,0,0,0,0,0,0,0
"445",2022-07-05,"11","North(3)",4,8.62068965517241,2.26391595183489,34.604756770264,3.57247924607426,4.01415178535062,5.49902694963402,5.5
"446",2022-07-05,"11","South",3,6.46551724137931,2.01029471745607,22.9247577261964,3.17491381090097,3.54569586165172,4.52220270198401,3.2
"447",2022-07-05,"11","West",14,40.2298850574713,3.7191633588777,113.449412864374,4.74013291632315,2.82002826262872,3.9680860425206,2.7
"448",2022-07-05,"13","East",20,153.846153846154,5.04243206817825,228.573696579361,5.43622409594611,1.48572902776585,2.5483117467494,1.4
"449",2022-07-05,"13","North",8,72.7272727272727,4.30037278131704,98.138756591779,4.59652045057086,1.34940790313696,1.76864580870343,1.6
"450",2022-07-05,"13","South",5,52.0833333333333,3.97186300578416,94.0999637812081,4.55492858870173,1.8067193045992,2.63422471568452,2.6
"451",2022-07-05,"15","East",228,982.758620689655,6.89138056278308,1004.04483552209,6.91278743195786,1.02165965719792,1.97196198328431,1.1
"452",2022-07-05,"15","North",138,594.827586206897,6.38995134032665,625.716806781846,6.44049477477728,1.05192970415499,1.86280608810754,1
"453",2022-07-05,"15","South",101,435.344827586207,6.07843281972036,480.955800725606,6.17785241010652,1.10476976008258,2.36753503052783,1.1
"454",2022-07-05,"15","West",26,112.068965517241,4.72799794685817,111.790580783426,4.7255328318843,0.997515951605951,1.7340283703337,0.9
"455",2022-07-05,"6","East",0,0,0,0,0,0,0,0
"456",2022-07-05,"6","North",0,0,0,0,0,0,0,0
"457",2022-07-05,"6","South",0,0,0,0,0,0,0,0
"458",2022-07-05,"6","West",0,0,0,0,0,0,0,0
"459",2022-07-05,"8","East",0,0,0,0,0,0,0,0
"460",2022-07-05,"8","East(2)",8,17.2413793103448,2.90369260187183,47.770649017738,3.8871286773582,2.77069764302881,4.37753944658176,2.1
"461",2022-07-05,"8","East(3)",4,8.62068965517241,2.26391595183489,24.3003873176242,3.2308197046133,2.81884492884441,4.35844666885166,4.4
"462",2022-07-05,"8","North",4,8.62068965517241,2.26391595183489,24.4596608771049,3.23709527320964,2.83732066174417,3.36200916994488,2.1
"463",2022-07-05,"8","South",3,6.89655172413793,2.06642617356777,17.6284078844405,2.92468772118922,2.55611914324388,3.8870564979847,1.4
"464",2022-07-05,"8","West",2,4.31034482758621,1.66965677242715,13.4674280807809,2.67189978336526,3.12444331474116,3.3702790009836,2.9
"465",2022-07-05,"8","West(2)",2,4.31034482758621,1.66965677242715,14.9833630704717,2.77154837316879,3.47614023234943,3.74527465622422,3.7
"466",2022-07-05,"8","West(3)",0,0,0,0,0,0,0,0
"467",2022-07-08,"51","East",27,66.5024630541872,4.21216408690441,255.137455572062,5.54571423620947,3.83651136897249,5.10606557081782,4.6
"468",2022-07-08,"51","North",36,82.7586206896552,4.4279390990157,255.25746574914,5.546182664659,3.08436104446877,4.65956343395547,2.1
"469",2022-07-08,"51","South",25,53.8793103448276,4.00513641673567,174.08098879185,5.16524865996411,3.23094315197674,4.45437068737321,3.7
"470",2022-07-08,"51","West",11,23.7068965517241,3.20708241728175,78.0028451338049,4.36948386617048,3.29030183109868,4.73907313537178,3
"471",2022-07-08,"52","East",19,40.948275862069,3.7364373322371,80.2769589419429,4.39786256853799,1.96044783942429,3.35375053174388,2.2
"472",2022-07-08,"52","North",10,22.9885057471264,3.17757478842262,54.3370597213485,4.01344284178262,2.36366209787866,3.15091399801089,1.6
"473",2022-07-08,"52","North(2)",25,53.8793103448276,4.00513641673567,124.985111390309,4.83616373640064,2.31972366740414,3.99530069974166,2.7
"474",2022-07-08,"52","South",17,130.769230769231,4.88105214086258,284.955757569677,5.65583710504121,2.17907344023871,3.99530069974166,1.9
"475",2022-07-08,"52","West",4,8.62068965517241,2.26391595183489,24.2651149556178,3.22942458872829,2.81475333485167,3.64948083539216,2.1
"476",2022-07-08,"55","East",0,0,0,0,0,0,0,0
"477",2022-07-08,"55","North",0,0,0,0,0,0,0,0
"478",2022-07-08,"55","South",0,0,0,0,0,0,0,0
"479",2022-07-08,"55","West",0,0,0,0,0,0,0,0
"480",2022-07-13,"10","East",1,2.1551724137931,1.149043142295,5.25042573244906,1.83264957862029,2.43619753985636,2.43619753985636,2.4
"481",2022-07-13,"10","North",0,0,0,0,0,0,0,0
"482",2022-07-13,"10","South",0,0,0,0,0,0,0,0
"483",2022-07-13,"10","South(2)",0,0,0,0,0,0,0,0
"484",2022-07-13,"10","West",0,0,0,0,0,0,0,0
"485",2022-07-13,"11","East(2)",3,6.46551724137931,2.01029471745607,25.3194611121648,3.27030863178569,3.91607665201483,4.55144655938356,4.6
"486",2022-07-13,"11","North(2)",0,0,0,0,0,0,0,0
"487",2022-07-13,"11","North(3)",4,8.62068965517241,2.26391595183489,26.2489199367391,3.30501388497473,3.04487471266174,3.75405103151523,3.8
"488",2022-07-13,"11","South",2,4.31034482758621,1.66965677242715,16.4862565557715,2.86141523271852,3.82481152093899,3.86917495720681,3.8
"489",2022-07-13,"11","West",2,6.89655172413793,2.06642617356777,33.9920267145884,3.55512022738258,4.92884387361532,6.21684766544783,6.2
"490",2022-07-13,"13","East",0,0,0,0,0,0,0,0
"491",2022-07-13,"13","North",1,11.9047619047619,2.55759638315628,23.7700543365201,3.20963543714118,1.99668456426769,1.99668456426769,2
"492",2022-07-13,"13","South",1,16.1290322580645,2.84077481675679,28.5265453016682,3.38528969946632,1.76864580870343,1.76864580870343,1.8
"493",2022-07-13,"15","East",183,788.793103448276,6.67177101679148,1434.02673147219,7.26893875622384,1.81800110219425,3.26364343449309,2
"494",2022-07-13,"15","North",69,297.413793103448,5.69848109079836,535.592251613858,6.28523849810691,1.80083191846978,3.11118204869395,1.6
"495",2022-07-13,"15","South",41,176.724137931034,5.18023256122584,288.395958742739,5.66779584983844,1.63189908361745,2.63422471568452,1.5
"496",2022-07-13,"15","West",75,323.275862068966,5.78159457967349,560.949031826537,6.33141115508093,1.73520233845009,2.67777043475211,2.1
"497",2022-07-13,"51","East",2,19.2307692307692,3.00720467471623,71.7837484709843,4.28749269499326,3.73275492049119,3.82466975919957,3.8
"498",2022-07-13,"51","North",6,60,4.11087386417331,281.368218925812,5.64321196007153,4.6894703154302,7.747039731603,5.9
"499",2022-07-13,"51","South",4,41.6666666666667,3.75341797525151,195.827592661003,5.28232818140091,4.69986222386407,5.40196349875542,4.9
"500",2022-07-13,"51","West",3,27.2727272727273,3.34189763938086,105.598386501604,4.66906837560973,3.87194083839216,4.19801210292144,4.1
"501",2022-07-13,"52","East",13,100,4.61512051684126,307.366436389057,5.73128880434331,3.07366436389057,4.40626485558742,2.5
"502",2022-07-13,"52","North",137,295.258620689655,5.69123279140033,685.514985754095,6.53162805418185,2.32174418532774,4.36798730992906,2.8
"503",2022-07-13,"52","North(2)",17,39.0804597701149,3.69088892802107,88.8842171239552,4.4985223657086,2.27439026170121,4.5027644828301,2.2
"504",2022-07-13,"52","South",7,72.9166666666667,4.30293833252158,220.450041917277,5.4001970196547,3.0233148605798,4.59059999556879,2.3
"505",2022-07-13,"52","West",50,107.758620689655,4.68913093753651,294.066151614043,5.68719957396064,2.72893388697832,4.35844666885166,2.4
"506",2022-07-13,"55","East",0,0,0,0,0,0,0,0
"507",2022-07-13,"55","North",0,0,0,0,0,0,0,0
"508",2022-07-13,"55","South",1,2.1551724137931,1.149043142295,2.8939332711651,1.35941977048194,1.34278503782061,1.34278503782061,1.3
"509",2022-07-13,"55","West",0,0,0,0,0,0,0,0
"510",2022-07-13,"6","East",0,0,0,0,0,0,0,0
"511",2022-07-13,"6","North",0,0,0,0,0,0,0,0
"512",2022-07-13,"6","South",0,0,0,0,0,0,0,0
"513",2022-07-13,"6","West",0,0,0,0,0,0,0,0
"514",2022-07-13,"8","East",1,2.1551724137931,1.149043142295,6.70513372563351,2.04188682431693,3.11118204869395,3.11118204869395,3.1
"515",2022-07-13,"8","East(2)",1,2.1551724137931,1.149043142295,3.95062898000586,1.59951463517616,1.83309184672272,1.83309184672272,1.8
"516",2022-07-13,"8","East(3)",0,0,0,0,0,0,0,0
"517",2022-07-13,"8","West",3,6.46551724137931,2.01029471745607,20.7334306604882,3.07885165849779,3.20677060882218,3.66679620591235,2.4
"518",2022-07-13,"8","West(2)",1,2.1551724137931,1.149043142295,5.10244618648239,1.80868970497201,2.36753503052783,2.36753503052783,2.4
"519",2022-07-13,"8","West(3)",3,6.46551724137931,2.01029471745607,16.3930271116162,2.85606938519075,2.53545485992997,2.68506631338715,2.4
"520",2022-07-20,"10","East",0,0,0,0,0,0,0,0
"521",2022-07-20,"10","North",1,2.1551724137931,1.149043142295,5.92935743003962,1.93576708596477,2.75122184753838,2.75122184753838,2.8
"522",2022-07-20,"10","South",0,0,0,0,0,0,0,0
"523",2022-07-20,"10","South(2)",0,0,0,0,0,0,0,0
"524",2022-07-20,"10","West",0,0,0,0,0,0,0,0
"525",2022-07-20,"11","East(2)",1,2.46305418719212,1.24215091276888,8.56848922478517,2.25847532725408,3.47880662526278,3.47880662526278,3.5
"526",2022-07-20,"11","North(2)",2,4.92610837438424,1.77936773693289,15.5316917808658,2.80527925268581,3.15293343151575,3.80694708535493,2.5
"527",2022-07-20,"11","North(3)",0,0,0,0,0,0,0,0
"528",2022-07-20,"11","South",0,0,0,0,0,0,0,0
"529",2022-07-20,"13","East",0,0,0,0,0,0,0,0
"530",2022-07-20,"13","North",0,0,0,0,0,0,0,0
"531",2022-07-20,"13","South",0,0,0,0,0,0,0,0
"532",2022-07-20,"15","East",147,724.137931034483,6.58636188646223,1381.58052939333,7.23170698080918,1.90789692154317,3.30443359480778,1.9
"533",2022-07-20,"15","South",137,787.35632183908,6.66995017272799,1485.45884796547,7.30415195821066,1.88664116456928,3.82466975919957,2.1
"534",2022-07-20,"15","West",164,706.896551724138,6.56229796963413,1137.61590979287,7.03756868953799,1.60931031141431,3.23930326896395,1.7
"535",2022-07-20,"15","West",164,807.881773399015,6.69565276719372,1137.61590979287,7.03756868953799,1.60931031141431,3.23930326896395,1.7
"536",2022-07-20,"15","West",164,706.896551724138,6.56229796963413,1300.13246833471,7.17099029372479,1.60931031141431,3.23930326896395,1.7
"537",2022-07-20,"15","West",164,807.881773399015,6.69565276719372,1300.13246833471,7.17099029372479,1.60931031141431,3.23930326896395,1.7
"538",2022-07-20,"51","East",0,0,0,0,0,0,0,0
"539",2022-07-20,"51","North",0,0,0,0,0,0,0,0
"540",2022-07-20,"51","South",0,0,0,0,0,0,0,0
"541",2022-07-20,"51","West",0,0,0,0,0,0,0,0
"542",2022-07-20,"52","East",1,7.69230769230769,2.1624384612508,21.3343921406023,3.10612773887977,2.7734709782783,2.7734709782783,2.8
"543",2022-07-20,"52","North",2,4.92610837438424,1.77936773693289,11.1680759239299,2.49881579457673,2.26711941255776,2.6414550230359,2.6
"544",2022-07-20,"52","North(2)",4,9.19540229885057,2.321936863655,19.5306600415207,3.02191938061246,2.12395927951537,2.82576989437941,2.3
"545",2022-07-20,"52","South",0,0,0,0,0,0,0,0
"546",2022-07-20,"52","West",4,8.62068965517241,2.26391595183489,18.6013529284306,2.97559859081496,2.15775693969795,2.51297742555597,2.1
"547",2022-07-20,"55","East",0,0,0,0,0,0,0,0
"548",2022-07-20,"55","North",1,2.1551724137931,1.149043142295,5.92935743003962,1.93576708596477,2.75122184753838,2.75122184753838,2.8
"549",2022-07-20,"55","South",0,0,0,0,0,0,0,0
"550",2022-07-20,"55","West",0,0,0,0,0,0,0,0
"551",2022-07-20,"6","East",0,0,0,0,0,0,0,0
"552",2022-07-20,"6","North",0,0,0,0,0,0,0,0
"553",2022-07-20,"6","South",0,0,0,0,0,0,0,0
"554",2022-07-20,"6","West",0,0,0,0,0,0,0,0
"555",2022-07-20,"8","East",0,0,0,0,0,0,0,0
"556",2022-07-20,"8","East(2)",0,0,0,0,0,0,0,0
"557",2022-07-20,"8","East(3)",0,0,0,0,0,0,0,0
"558",2022-07-20,"8","West",1,2.29885057471264,1.19357409710504,7.95859004579818,2.19261285364428,3.46198666992221,3.46198666992221,3.5
"559",2022-07-20,"8","West(2)",0,0,0,0,0,0,0,0
"560",2022-07-20,"8","West(3)",0,0,0,0,0,0,0,0
"561",2022-07-27,"10","East",0,0,0,0,0,0,0,0
"562",2022-07-27,"10","North",0,0,0,0,0,0,0,0
"563",2022-07-27,"10","South",0,0,0,0,0,0,0,0
"564",2022-07-27,"10","South(2)",0,0,0,0,0,0,0,0
"565",2022-07-27,"10","West",0,0,0,0,0,0,0,0
"566",2022-07-27,"11","East(2)",0,0,0,0,0,0,0,0
"567",2022-07-27,"11","North(2)",0,0,0,0,0,0,0,0
"568",2022-07-27,"11","North(3)",0,0,0,0,0,0,0,0
"569",2022-07-27,"11","South",0,0,0,0,0,0,0,0
"570",2022-07-27,"13","East",0,0,0,0,0,0,0,0
"571",2022-07-27,"13","North",0,0,0,0,0,0,0,0
"572",2022-07-27,"15","East",82,745.454545454545,6.61533472491042,1635.2775457133,7.40017915174294,2.19366500034711,3.77163774304112,2.3
"573",2022-07-27,"15","North",118,1072.72727272727,6.97889130681348,2399.93874923041,7.78361508537125,2.23723103741818,4.29198384192359,2.2
"574",2022-07-27,"15","South",179,1627.27272727273,7.39527505542689,3771.12770578747,8.23539449943354,2.31745278009286,4.49306267139148,2.1
"575",2022-07-27,"15","West",174,1338.46153846154,7.20002297521785,3073.428047464,8.0308741621156,2.29623934580644,3.71901341982186,2
"576",2022-07-27,"51","North",0,0,0,0,0,0,0,0
"577",2022-07-27,"51","South",0,0,0,0,0,0,0,0
"578",2022-07-27,"52","East",5,38.4615384615385,3.67532648770923,128.685412082344,4.8651116106894,3.34582071414095,3.86917495720681,3.9
"579",2022-07-27,"52","North",4,10.6100795755968,2.45187364974288,32.4582060302759,3.51029707876794,3.05918591835351,4.00439503167021,2.7
"580",2022-07-27,"52","North(2)",2,5.30503978779841,1.84134927991218,17.5962554566879,2.92296024091875,3.31689415358568,3.36200916994488,3.4
"581",2022-07-27,"52","South",0,0,0,0,0,0,0,0
"582",2022-07-27,"52","West",6,15.9151193633952,2.82820785886726,53.8143044012865,4.00395118911233,3.3813321265475,3.99530069974166,4
"583",2022-07-27,"55","East",0,0,0,0,0,0,0,0
"584",2022-07-27,"55","North",0,0,0,0,0,0,0,0
"585",2022-07-27,"55","South",0,0,0,0,0,0,0,0
"586",2022-07-27,"55","West",0,0,0,0,0,0,0,0
"587",2022-07-27,"6","East",0,0,0,0,0,0,0,0
"588",2022-07-27,"6","North",0,0,0,0,0,0,0,0
"589",2022-07-27,"6","South",0,0,0,0,0,0,0,0
"590",2022-07-27,"6","West",0,0,0,0,0,0,0,0
"591",2022-07-27,"8","East",0,0,0,0,0,0,0,0
"592",2022-07-27,"8","East(2)",0,0,0,0,0,0,0,0
"593",2022-07-27,"8","East(3)",0,0,0,0,0,0,0,0
"594",2022-07-27,"8","West",0,0,0,0,0,0,0,0
"595",2022-07-27,"8","West(2)",0,0,0,0,0,0,0,0
"596",2022-07-27,"8","West(3)",0,0,0,0,0,0,0,0
"597",2022-08-03,"10","East",0,0,0,0,0,0,0,0
"598",2022-08-03,"10","North",0,0,0,0,0,0,0,0
"599",2022-08-03,"10","South",0,0,0,0,0,0,0,0
"600",2022-08-03,"10","South(2)",0,0,0,0,0,0,0,0
"601",2022-08-03,"10","West",0,0,0,0,0,0,0,0
"602",2022-08-03,"11","East(2)",0,0,0,0,0,0,0,0
"603",2022-08-03,"11","North(2)",0,0,0,0,0,0,0,0
"604",2022-08-03,"11","North(3)",0,0,0,0,0,0,0,0
"605",2022-08-03,"11","South",0,0,0,0,0,0,0,0
"606",2022-08-03,"13","East",0,0,0,0,0,0,0,0
"607",2022-08-03,"13","North",0,0,0,0,0,0,0,0
"608",2022-08-03,"15","East",3,12.9310344827586,2.63411904797468,36.9524481578752,3.63633401184989,2.85765599087568,4.3109158073389,4.3
"609",2022-08-03,"15","North",8,34.4827586206897,3.56904690584758,77.7674374324638,4.36649968090807,2.25525568554145,2.97816783628394,2.6
"610",2022-08-03,"15","South",6,25.8620689655172,3.29071521588427,52.545698781838,3.98053547213351,2.0317670195644,3.09536702204713,1.3
"611",2022-08-03,"15","West",2,8.62068965517241,2.26391595183489,23.3156565068248,3.1911204435663,2.70461615479167,2.92432674240765,2.5
"612",2022-08-03,"51","North",0,0,0,0,0,0,0,0
"613",2022-08-03,"51","South",0,0,0,0,0,0,0,0
"614",2022-08-03,"52","East",1,7.69230769230769,2.1624384612508,29.557213821661,3.41960078938485,3.84243779681593,3.84243779681593,3.8
"615",2022-08-03,"52","North",1,2.6525198938992,1.29541731128064,5.76792982999138,1.9121952543411,2.17450954590675,2.17450954590675,2.2
"616",2022-08-03,"52","North(2)",0,0,0,0,0,0,0,0
"617",2022-08-03,"52","South",0,0,0,0,0,0,0,0
"618",2022-08-03,"52","West",2,4.31034482758621,1.66965677242715,15.6136054805631,2.81022196693071,3.62235647149064,4.01350075776293,4
"619",2022-08-03,"55","East",0,0,0,0,0,0,0,0
"620",2022-08-03,"55","North",0,0,0,0,0,0,0,0
"621",2022-08-03,"55","South",0,0,0,0,0,0,0,0
"622",2022-08-03,"55","West",0,0,0,0,0,0,0,0
"623",2022-08-03,"6","East",0,0,0,0,0,0,0,0
"624",2022-08-03,"6","North",0,0,0,0,0,0,0,0
"625",2022-08-03,"6","South",0,0,0,0,0,0,0,0
"626",2022-08-03,"6","West",0,0,0,0,0,0,0,0
"627",2022-08-03,"8","East",0,0,0,0,0,0,0,0
"628",2022-08-03,"8","East(2)",0,0,0,0,0,0,0,0
"629",2022-08-03,"8","East(3)",0,0,0,0,0,0,0,0
"630",2022-08-03,"8","West",0,0,0,0,0,0,0,0
"631",2022-08-03,"8","West(2)",0,0,0,0,0,0,0,0
"632",2022-08-03,"8","West(3)",0,0,0,0,0,0,0,0
